,R-ids,datasets,correct_reaction,wrong_reactions,reaction
0,['golden_dataset_1'],['golden_dataset'],,['[CH3:1][C:2](=[O:3])[CH2:4][S:5][CH2:6][CH:7]=[CH2:8].[NH2:11][CH:10]([CH3:9])[CH:12]([OH:13])[CH:14]=[CH2:15]>>[CH:14](=[CH:7][CH2:6][S:5][CH2:4][C:2]([CH3:1])=[O:3])[CH:12]([OH:13])[CH:10]([NH2:11])[CH3:9].O[CH:14]=[CH2:15]'],[CH3:1][C:2](=[O:3])[CH2:4][S:5][CH2:6][CH:7]=[CH2:8].[NH2:11][CH:10]([CH3:9])[CH:12]([OH:13])[CH:14]=[CH2:15]>>[CH:14](=[CH:7][CH2:6][S:5][CH2:4][C:2]([CH3:1])=[O:3])[CH:12]([OH:13])[CH:10]([NH2:11])[CH3:9]
1,['golden_dataset_2'],['golden_dataset'],[CH3:1][C:2]([CH3:3])([CH3:4])[Si:5]([CH3:6])([CH3:7])[O:8][CH:9]([CH2:21][O:22][CH2:23][C:24]=1[CH:29]=[CH:28][CH:27]=[CH:26][CH:25]=1)[CH2:10][CH2:11][CH:12]([CH2:13][CH:14]=[CH2:15])[O:16][S:17](=[O:19])(=[O:20])[CH3:18].O>>[CH:26]1=[CH:25][C:24](=[CH:29][CH:28]=[CH:27]1)[CH2:23][O:22][CH2:21][CH:9]2[O:8][CH:12]([CH2:11][CH2:10]2)[CH2:13][CH:14]=[CH2:15].O[Si:5]([C:2]([CH3:1])([CH3:3])[CH3:4])([CH3:6])[CH3:7].[OH:16][S:17]([CH3:18])(=[O:19])=[O:20],[],[CH3:1][C:2]([CH3:3])([CH3:4])[Si:5]([CH3:6])([CH3:7])[O:8][CH:9]([CH2:21][O:22][CH2:23][C:24]=1[CH:29]=[CH:28][CH:27]=[CH:26][CH:25]=1)[CH2:10][CH2:11][CH:12]([CH2:13][CH:14]=[CH2:15])[O:16][S:17](=[O:19])(=[O:20])[CH3:18]>>[CH:26]1=[CH:25][C:24](=[CH:29][CH:28]=[CH:27]1)[CH2:23][O:22][CH2:21][CH:9]2[O:8][CH:12]([CH2:11][CH2:10]2)[CH2:13][CH:14]=[CH2:15]
2,['golden_dataset_7'],['golden_dataset'],[CH3:28][Si:27]([CH3:29])([CH3:30])[CH2:26][CH2:25][CH2:24][CH2:23][CH2:22][CH2:21][CH2:20][CH2:19][CH2:18][CH2:17][CH2:16][CH2:15][CH2:14][CH2:13][NH:12][C:11]=1[CH:10]=[CH:9][C:8](=[CH:32][CH:31]=1)[CH:7]=[CH:6][C:4]([O:3][CH2:2][CH3:1])=[O:5].O>>[CH3:28][Si:27]([CH3:29])([CH3:30])[CH2:26][CH2:25][CH2:24][CH2:23][CH2:22][CH2:21][CH2:20][CH2:19][CH2:18][CH2:17][CH2:16][CH2:15][CH2:14][CH2:13][NH:12][C:11]1=[CH:31][CH:32]=[C:8]([CH:7]=[CH:6][C:4]([OH:33])=[O:5])[CH:9]=[CH:10]1.O[CH2:2][CH3:1],[],[CH3:28][Si:27]([CH3:29])([CH3:30])[CH2:26][CH2:25][CH2:24][CH2:23][CH2:22][CH2:21][CH2:20][CH2:19][CH2:18][CH2:17][CH2:16][CH2:15][CH2:14][CH2:13][NH:12][C:11]=1[CH:10]=[CH:9][C:8](=[CH:32][CH:31]=1)[CH:7]=[CH:6][C:4]([O:3][CH2:2][CH3:1])=[O:5]>>[CH3:28][Si:27]([CH3:29])([CH3:30])[CH2:26][CH2:25][CH2:24][CH2:23][CH2:22][CH2:21][CH2:20][CH2:19][CH2:18][CH2:17][CH2:16][CH2:15][CH2:14][CH2:13][NH:12][C:11]1=[CH:31][CH:32]=[C:8]([CH:7]=[CH:6][C:4]([OH:33])=[O:5])[CH:9]=[CH:10]1
3,['Jaworski_229'],['Jaworski'],[F:34][C:33]([F:35])([F:36])[C:31]([C:37]([F:40])([F:39])[F:38])([OH:32])[CH:30]=[CH:29][C:28]=1[C:41](=[CH:43][C:25](=[CH:26][CH:27]=1)[C:20]([CH2:21][CH3:22])([CH2:23][CH3:24])[C:16]=2[CH:17]=[C:18]([C:13]([C:11]3=[N:12][C:8]([CH2:7][C:5](=[O:6])[O:4][CH2:3][CH3:2])=[CH:9][S:10]3)=[CH:14][CH:15]=2)[CH3:19])[CH3:42].[OH2:1]>>[F:34][C:33]([F:35])([F:36])[C:31]([C:37]([F:40])([F:39])[F:38])([OH:32])[CH:30]=[CH:29][C:28]1=[C:41]([CH:43]=[C:25]([CH:26]=[CH:27]1)[C:20]([CH2:21][CH3:22])([CH2:23][CH3:24])[C:16]=2[CH:17]=[C:18]([CH3:19])[C:13](=[CH:14][CH:15]=2)[C:11]3=[N:12][C:8](=[CH:9][S:10]3)[CH2:7][C:5](=[O:6])[OH:1])[CH3:42].O[CH2:3][CH3:2],[],CCOC(=O)Cc1csc(n1)-c1ccc(cc1C)C(CC)(CC)c1ccc(C=CC(O)(C(F)(F)F)C(F)(F)F)c(C)c1.O>>CCC(CC)(c1ccc(C=CC(O)(C(F)(F)F)C(F)(F)F)c(C)c1)c1ccc(-c2nc(CC(O)=O)cs2)c(C)c1
4,['golden_dataset_11'],['golden_dataset'],,['[CH2:7]([CH2:8][CH2:9][CH:10]=[CH2:11])[CH3:6].[CH3:1][C:2](=[O:3])[CH:4]=[CH2:5]>>[CH2:7]([CH2:8][CH2:9][CH:10]=[CH:4][C:2]([CH3:1])=[O:3])[CH3:6].O[CH:4]=[CH2:5]'],[CH2:7]([CH2:8][CH2:9][CH:10]=[CH2:11])[CH3:6].[CH3:1][C:2](=[O:3])[CH:4]=[CH2:5]>>[CH2:7]([CH2:8][CH2:9][CH:10]=[CH:4][C:2]([CH3:1])=[O:3])[CH3:6]
5,['Jaworski_119'],['Jaworski'],[CH2:20]([CH3:21])[CH:19]([CH2:22][CH3:23])[CH:18]([C:24]=1[O:25][C:26]=2[C:32](=[CH:31][C:29](=[CH:28][CH:27]=2)[F:30])[C:33]=1[CH3:34])[NH:17][C:16]3=[CH:35][CH:36]=[C:13]([C:11]([N:9]([CH3:10])[CH2:8][CH2:7][C:5]([O:4][CH2:3][CH3:2])=[O:6])=[O:12])[CH:14]=[CH:15]3.[OH2:1]>>[CH2:20]([CH3:21])[CH:19]([CH2:22][CH3:23])[CH:18]([C:24]=1[O:25][C:26]=2[C:32](=[CH:31][C:29](=[CH:28][CH:27]=2)[F:30])[C:33]=1[CH3:34])[NH:17][C:16]3=[CH:35][CH:36]=[C:13]([C:11](=[O:12])[N:9]([CH3:10])[CH2:8][CH2:7][C:5](=[O:6])[OH:1])[CH:14]=[CH:15]3.O[CH2:3][CH3:2],[],CCOC(=O)CCN(C)C(=O)c1ccc(NC(C(CC)CC)c2oc3ccc(F)cc3c2C)cc1.O>>CCC(CC)C(Nc1ccc(cc1)C(=O)N(C)CCC(O)=O)c1oc2ccc(F)cc2c1C
6,['golden_dataset_16'],['golden_dataset'],,['[CH2:22]([CH3:23])[O:21][P:19]([O:24][CH2:25][CH3:26])(=[O:20])[CH:13]([C:11]([O:10][CH2:15][CH3:2])=[O:12])[O:16][CH2:1][CH:17]=[CH2:18].[CH:7]=1[CH:8]=[CH:9][C:4](=[CH:5][CH:6]=1)[CH:3]=[O:14].[OH2:27]>>[CH:17]([CH2:18][CH:3]([C:13]([C:11]([OH:27])=[O:12])=[O:16])[C:4]=1[CH:9]=[CH:8][CH:7]=[CH:6][CH:5]=1)=[CH2:1]'],[CH2:22]([CH3:23])[O:21][P:19]([O:24][CH2:25][CH3:26])(=[O:20])[CH:13]([C:11]([O:10][CH2:15][CH3:2])=[O:12])[O:16][CH2:1][CH:17]=[CH2:18].[CH:7]=1[CH:8]=[CH:9][C:4](=[CH:5][CH:6]=1)[CH:3]=[O:14].[OH2:27]>>[CH:17]([CH2:18][CH:3]([C:13]([C:11]([OH:27])=[O:12])=[O:16])[C:4]=1[CH:9]=[CH:8][CH:7]=[CH:6][CH:5]=1)=[CH2:1]
7,['Jaworski_252'],['Jaworski'],[CH:10]=1[CH:11]=[C:12]([Br:13])[S:14][C:9]=1[C:7]([C:5]([O:4][CH2:3][CH3:2])=[O:6])=[O:8].[OH2:1]>>[CH:10]=1[CH:11]=[C:12]([Br:13])[S:14][C:9]=1[C:7](=[O:8])[C:5]([OH:1])=[O:6].O[CH2:3][CH3:2],[],CCOC(=O)C(=O)c1ccc(Br)s1.O>>OC(=O)C(=O)c1ccc(Br)s1
8,['golden_dataset_21'],['golden_dataset'],[CH:10]12[CH:5]([O:6][C:7](=[O:8])[CH2:9]1)[CH2:4][CH:3]([O:2][CH3:1])[O:13][C:11]2=[CH2:12].[OH2:14]>>[C:7]1(=[O:8])[O:6][CH:5]2[CH2:4][CH:3]([OH:13])[CH2:12][C:11](=[O:14])[CH:10]2[CH2:9]1.O[CH3:1],[],[CH:10]12[CH:5]([O:6][C:7](=[O:8])[CH2:9]1)[CH2:4][CH:3]([O:2][CH3:1])[O:13][C:11]2=[CH2:12].[OH2:14]>>[C:7]1(=[O:8])[O:6][CH:5]2[CH2:4][CH:3]([OH:13])[CH2:12][C:11](=[O:14])[CH:10]2[CH2:9]1
9,['Jaworski_282'],['Jaworski'],CS(=O)(=O)c1ccc(cc1Cl)C(CC1CCCC1)C(=O)Nc1ccn(Cc2cccc(c2)C(O)=O)n1.ClC(=O)C(Cl)=O>>CS(=O)(=O)c1ccc(cc1Cl)C(CC1CCCC1)C(=O)Nc1ccn(Cc2cccc(c2)C(Cl)=O)n1.O=C(O)C(=O)Cl,[],CS(=O)(=O)c1ccc(cc1Cl)C(CC1CCCC1)C(=O)Nc1ccn(Cc2cccc(c2)C(O)=O)n1.ClC(=O)C(Cl)=O>>CS(=O)(=O)c1ccc(cc1Cl)C(CC1CCCC1)C(=O)Nc1ccn(Cc2cccc(c2)C(Cl)=O)n1
10,['Jaworski_283'],['Jaworski'],CCOC(=O)c1cccnc1.CC#N>>O=C(CC#N)c1cccnc1.CCO,[],CCOC(=O)c1cccnc1.CC#N>>O=C(CC#N)c1cccnc1
11,['Jaworski_226'],['Jaworski'],[OH2:1].[O:28]=[S:27](=[O:29])([NH:26][C:25]=1[C:19]([C:17](=[O:18])[NH:16][CH:6]([C:4]([O:3][CH3:2])=[O:5])[CH2:7][C:8]2=[CH:9][CH:10]=[C:11]([C:13]([Cl:14])=[CH:15]2)[Cl:12])=[CH:20][CH:21]=[C:22]([Cl:23])[CH:24]=1)[C:30]3=[CH:31][CH:32]=[CH:33][C:34]4=[N:35][S:36][N:37]=[C:38]34>>[O:28]=[S:27](=[O:29])([NH:26][C:25]=1[C:19](=[CH:20][CH:21]=[C:22]([Cl:23])[CH:24]=1)[C:17](=[O:18])[NH:16][CH:6]([CH2:7][C:8]=2[CH:15]=[C:13]([Cl:14])[C:11](=[CH:10][CH:9]=2)[Cl:12])[C:4]([OH:1])=[O:5])[C:30]3=[CH:31][CH:32]=[CH:33][C:34]4=[N:35][S:36][N:37]=[C:38]34.O[CH3:2],[],COC(=O)C(Cc1ccc(Cl)c(Cl)c1)NC(=O)c1ccc(Cl)cc1NS(=O)(=O)c1cccc2nsnc12.O>>OC(=O)C(Cc1ccc(Cl)c(Cl)c1)NC(=O)c1ccc(Cl)cc1NS(=O)(=O)c1cccc2nsnc12
12,['Jaworski_123'],['Jaworski'],[OH2:1].[O:5]=[C:4]([CH2:6][CH:7]1[C:18](=[O:19])[N:16]([CH3:17])[CH2:15][C:14]2=[CH:13][C:12]([C:20]([NH:22][CH2:23][C:24]=3[NH:32][C:31]4=[CH:30][CH:29]=[CH:28][CH:27]=[C:26]4[CH:25]=3)=[O:21])=[CH:11][CH:10]=[C:9]2[NH:8]1)[O:3][CH3:2]>>[O:5]=[C:4]([CH2:6][CH:7]1[C:18](=[O:19])[N:16]([CH3:17])[CH2:15][C:14]=2[CH:13]=[C:12]([C:20]([NH:22][CH2:23][C:24]=3[NH:32][C:31]4=[CH:30][CH:29]=[CH:28][CH:27]=[C:26]4[CH:25]=3)=[O:21])[CH:11]=[CH:10][C:9]=2[NH:8]1)[OH:1].O[CH3:2],[],O.COC(=O)CC1Nc2ccc(cc2CN(C)C1=O)C(=O)NCc1cc2ccccc2[nH]1>>CN1Cc2cc(ccc2NC(CC(O)=O)C1=O)C(=O)NCc1cc2ccccc2[nH]1
13,['Jaworski_355'],['Jaworski'],,['CCOC(C)(OCC)OCC.NC12CC3CC(CC(C3)C1)C2.NC1CCCCC1>>CC(NC12CC3CC(CC(C3)C1)C2)=NC1CCCCC1.CCOC(C)(O)OCC'],CCOC(C)(OCC)OCC.NC12CC3CC(CC(C3)C1)C2.NC1CCCCC1>>CC(NC12CC3CC(CC(C3)C1)C2)=NC1CCCCC1
14,['Jaworski_124'],['Jaworski'],[CH2:11]1[CH2:12][CH:10]1[N:9]2[C:13]3=[C:14]([F:15])[C:16]([F:17])=[C:18]([F:19])[C:20]([CH3:21])=[C:22]3[C:23]([C:7]([C:5](=[O:6])[O:4][CH2:3][CH3:2])=[CH:8]2)=[O:24].[OH2:1]>>[CH2:11]1[CH2:12][CH:10]1[N:9]2[C:13]=3[C:22](=[C:20]([CH3:21])[C:18](=[C:16]([F:17])[C:14]=3[F:15])[F:19])[C:23]([C:7]([C:5](=[O:6])[OH:1])=[CH:8]2)=[O:24].O[CH2:3][CH3:2],[],CCOC(=O)c1cn(C2CC2)c2c(F)c(F)c(F)c(C)c2c1=O.O>>Cc1c(F)c(F)c(F)c2n(cc(C(O)=O)c(=O)c12)C1CC1
15,['Jaworski_320'],['Jaworski'],COc1ccc(cc1)N1CCN(CC1)C(=O)C(CC(C)C)C1OC(C)(C)OC1=O.NO.O>>COc1ccc(cc1)N1CCN(CC1)C(=O)C(CC(C)C)C(O)C(=O)NO.CC(C)(O)O,[],COc1ccc(cc1)N1CCN(CC1)C(=O)C(CC(C)C)C1OC(C)(C)OC1=O.NO>>COc1ccc(cc1)N1CCN(CC1)C(=O)C(CC(C)C)C(O)C(=O)NO
16,['golden_dataset_34'],['golden_dataset'],,['[C:9]([C:10]1=[CH:11][CH:12]=[CH:13][C:14](=[CH:16]1)[Cl:15])(=[O:8])[O:17][OH:18].[CH:6]1=[CH:5][CH:4]=[C:3]([O:7]1)[CH2:2][OH:1]>>[CH:6]1([O:1][CH2:2][C:3]([CH:4]=[CH:5]1)=[O:7])[OH:18]'],[C:9]([C:10]1=[CH:11][CH:12]=[CH:13][C:14](=[CH:16]1)[Cl:15])(=[O:8])[O:17][OH:18].[CH:6]1=[CH:5][CH:4]=[C:3]([O:7]1)[CH2:2][OH:1]>>[CH:6]1([O:1][CH2:2][C:3]([CH:4]=[CH:5]1)=[O:7])[OH:18]
17,['Jaworski_131'],['Jaworski'],[CH3:30][C:29]([CH3:32])([CH3:31])[C:26]1=[CH:27][S:28][C:24]([C:20]2=[CH:21][C:22]3=[CH:23][C:15](=[CH:16][CH:17]=[C:18]3[O:19]2)[CH2:14][CH2:13][C:12]4=[CH:11][CH:10]=[CH:9][CH:8]=[C:7]4[C:5](=[O:6])[O:4][CH2:3][CH3:2])=[N:25]1.[OH2:1]>>[CH3:30][C:29]([CH3:32])([CH3:31])[C:26]1=[CH:27][S:28][C:24]([C:20]2=[CH:21][C:22]=3[C:18](=[CH:17][CH:16]=[C:15]([CH2:14][CH2:13][C:12]4=[C:7]([CH:8]=[CH:9][CH:10]=[CH:11]4)[C:5]([OH:1])=[O:6])[CH:23]=3)[O:19]2)=[N:25]1.O[CH2:3][CH3:2],[],CCOC(=O)c1ccccc1CCc1ccc2oc(cc2c1)-c1nc(cs1)C(C)(C)C.O>>CC(C)(C)c1csc(n1)-c1cc2cc(CCc3ccccc3C(O)=O)ccc2o1
18,['golden_dataset_36'],['golden_dataset'],[CH3:9][C:8]1([CH3:10])[O:7][CH:6]([CH:12]([CH:13]=[CH:14][CH2:15][CH2:16][C:17]([O:19][CH3:20])=[O:18])[O:11]1)[C:4](=[O:5])[NH:3][O:2][CH3:1].[O]>>[CH3:9][C:8]1([CH3:10])[O:7][CH:6]2[CH:12]([O:11]1)[CH:13]([N:3]([O:2][CH3:1])[C:4]2=[O:5])[CH:14]3[CH2:15][CH2:16][C:17](=[O:18])[O:19]3.O[CH3:20],[],[CH3:9][C:8]1([CH3:10])[O:7][CH:6]([CH:12]([CH:13]=[CH:14][CH2:15][CH2:16][C:17]([O:19][CH3:20])=[O:18])[O:11]1)[C:4](=[O:5])[NH:3][O:2][CH3:1]>>[CH3:9][C:8]1([CH3:10])[O:7][CH:6]2[CH:12]([O:11]1)[CH:13]([N:3]([O:2][CH3:1])[C:4]2=[O:5])[CH:14]3[CH2:15][CH2:16][C:17](=[O:18])[O:19]3
19,['Jaworski_256'],['Jaworski'],[OH2:1].[O:22]=[C:21]1[O:20][C:19]=2[CH:18]=[CH:17][C:16]([N+:23]([O-:24])=[O:25])=[CH:15][C:14]=2[N:13]1[CH2:12][CH2:11][CH2:10][CH2:9][CH2:8][CH2:7][CH2:6][C:4](=[O:5])[O:3][CH3:2]>>[O:5]=[C:4]([OH:1])[CH2:6][CH2:7][CH2:8][CH2:9][CH2:10][CH2:11][CH2:12][N:13]1[C:14]2=[C:19]([CH:18]=[CH:17][C:16]([N+:23]([O-:24])=[O:25])=[CH:15]2)[O:20][C:21]1=[O:22].O[CH3:2],[],COC(=O)CCCCCCCn1c2cc(ccc2oc1=O)[N+]([O-])=O.O>>OC(=O)CCCCCCCn1c2cc(ccc2oc1=O)[N+]([O-])=O
20,['golden_dataset_42'],['golden_dataset'],,['[CH2:21]=[CH:20][CH2:19][I:18].[CH3:15][C:14]([CH3:16])([CH3:17])[O:13][C:11]([NH:10][CH:5]([C:3]([O:2][CH3:1])=[O:4])[CH2:6][CH2:7][S:8][CH3:9])=[O:12]>>[CH3:15][C:14]([CH3:16])([CH3:17])[O:13][C:11]([NH:10][CH:5]([C:3]([O:2][CH3:1])=[O:4])[CH2:6][CH2:7][S:8][CH2:19][CH:20]=[CH2:21])=[O:12].O[CH2:19][I:18]'],[CH2:21]=[CH:20][CH2:19][I:18].[CH3:15][C:14]([CH3:16])([CH3:17])[O:13][C:11]([NH:10][CH:5]([C:3]([O:2][CH3:1])=[O:4])[CH2:6][CH2:7][S:8][CH3:9])=[O:12]>>[CH3:15][C:14]([CH3:16])([CH3:17])[O:13][C:11]([NH:10][CH:5]([C:3]([O:2][CH3:1])=[O:4])[CH2:6][CH2:7][S:8][CH2:19][CH:20]=[CH2:21])=[O:12]
21,['golden_dataset_44'],['golden_dataset'],,['[CH2:8]1[O:9][C:10]2([CH2:11][CH2:12][CH2:13][CH2:14][CH2:15]2)[O:16][CH2:17][C:4]1([CH2:5][CH:6]=[CH2:7])[N+:2](=[O:3])[O-:1].[CH2:23]=[CH:22][C:20]([O:19][CH3:18])=[O:21]>>[O:9]1[CH2:8][C:4]([CH2:17][O:16][C:10]12[CH2:11][CH2:12][CH2:13][CH2:14][CH2:15]2)([N+:2]([O-:1])=[O:3])[CH2:5][CH:6]=[CH:22][C:20](=[O:21])[O:19][CH3:18].O[CH:22]=[CH2:23]'],[CH2:8]1[O:9][C:10]2([CH2:11][CH2:12][CH2:13][CH2:14][CH2:15]2)[O:16][CH2:17][C:4]1([CH2:5][CH:6]=[CH2:7])[N+:2](=[O:3])[O-:1].[CH2:23]=[CH:22][C:20]([O:19][CH3:18])=[O:21]>>[O:9]1[CH2:8][C:4]([CH2:17][O:16][C:10]12[CH2:11][CH2:12][CH2:13][CH2:14][CH2:15]2)([N+:2]([O-:1])=[O:3])[CH2:5][CH:6]=[CH:22][C:20](=[O:21])[O:19][CH3:18]
22,['golden_dataset_45'],['golden_dataset'],[CH2:14]([CH2:15][CH2:16][O:17][N:18]=[O:19])[CH3:13].[CH:10]1=[C:11]2[C:6](=[CH:7][CH:8]=[CH:9]1)[CH:5]=[CH:4][S:12]2.[CH3:1][C:2]#[N:3].[O]>>[CH:4]1=[C:5]([C:1](=[N:18][OH:19])[C:2]#[N:3])[C:6]=2[CH:7]=[CH:8][CH:9]=[CH:10][C:11]=2[S:12]1.O[CH2:16][CH2:15][CH2:14][CH3:13].[OH2:19],[],[CH2:14]([CH2:15][CH2:16][O:17][N:18]=[O:19])[CH3:13].[CH:10]1=[C:11]2[C:6](=[CH:7][CH:8]=[CH:9]1)[CH:5]=[CH:4][S:12]2.[CH3:1][C:2]#[N:3]>>[CH:4]1=[C:5]([C:1](=[N:18][OH:19])[C:2]#[N:3])[C:6]=2[CH:7]=[CH:8][CH:9]=[CH:10][C:11]=2[S:12]1
23,['Jaworski_117'],['Jaworski'],[CH3:8][C:7]([CH3:9])([C:5]([O:4][CH2:3][CH3:2])=[O:6])[O:10][C:11]1=[CH:12][CH:13]=[C:14]([N:16]=[CH:17]1)[CH3:15].[OH2:1]>>[CH3:8][C:7]([CH3:9])([O:10][C:11]=1[CH:17]=[N:16][C:14]([CH3:15])=[CH:13][CH:12]=1)[C:5](=[O:6])[OH:1].O[CH2:3][CH3:2],[],CCOC(=O)C(C)(C)Oc1ccc(C)nc1.O>>Cc1ccc(OC(C)(C)C(O)=O)cn1
24,['Jaworski_125'],['Jaworski'],COc1ccc2c(C(=O)c3ccc(OCCN4CCCCC4)cc3)c(ccc2c1)-c1cc(F)ccc1F.[H+].[I-]>>Oc1ccc2c(C(=O)c3ccc(OCCN4CCCCC4)cc3)c(ccc2c1)-c1cc(F)ccc1F.CI,[],COc1ccc2c(C(=O)c3ccc(OCCN4CCCCC4)cc3)c(ccc2c1)-c1cc(F)ccc1F>>Oc1ccc2c(C(=O)c3ccc(OCCN4CCCCC4)cc3)c(ccc2c1)-c1cc(F)ccc1F
25,['Jaworski_133'],['Jaworski'],[CH2:30]([O:29][P:27]([O:32][CH2:33][CH3:34])([CH:26]=[CH:25][C:24]1=[CH:23][N:22]([C:35]2=[CH:36][CH:37]=[CH:38][CH:39]=[CH:40]2)[N:21]=[C:20]1[O:19][CH2:18][C:17]=3[CH:41]=[C:42]([O:43][CH3:44])[C:14](=[CH:15][CH:16]=3)[O:13][CH2:12][C:11]=4[N:10]=[C:9]([CH:8]=[CH:7][C:5](=[O:6])[O:4][CH2:3][CH3:2])[O:47][C:45]=4[CH3:46])=[O:28])[CH3:31].[OH2:1]>>[O:29]([CH2:30][CH3:31])[P:27]([O:32][CH2:33][CH3:34])(=[O:28])[CH:26]=[CH:25][C:24]=1[C:20]([O:19][CH2:18][C:17]=2[CH:41]=[C:42]([O:43][CH3:44])[C:14]([O:13][CH2:12][C:11]=3[N:10]=[C:9]([CH:8]=[CH:7][C:5](=[O:6])[OH:1])[O:47][C:45]=3[CH3:46])=[CH:15][CH:16]=2)=[N:21][N:22]([C:35]4=[CH:36][CH:37]=[CH:38][CH:39]=[CH:40]4)[CH:23]=1.O[CH2:3][CH3:2],[],CCOC(=O)C=Cc1nc(COc2ccc(COc3nn(cc3C=CP(=O)(OCC)OCC)-c3ccccc3)cc2OC)c(C)o1.O>>CCOP(=O)(OCC)C=Cc1cn(nc1OCc1ccc(OCc2nc(C=CC(O)=O)oc2C)c(OC)c1)-c1ccccc1
26,['Jaworski_136'],['Jaworski'],COc1ccc([N+]([O-])=O)c2nc(C)sc12.[H+].[I-]>>Cc1nc2c(ccc(O)c2s1)[N+]([O-])=O.CI,[],COc1ccc([N+]([O-])=O)c2nc(C)sc12>>Cc1nc2c(ccc(O)c2s1)[N+]([O-])=O
27,['Jaworski_138'],['Jaworski'],CC(C)(C)N(CC([O-])=O)C(=O)C1=C(O)C2(CCOCC2)c2c(Cl)cccc2C1=O>>OC(=O)CNC(=O)C1=C(O)C2(CCOCC2)c2c(Cl)cccc2C1=O.CC(C)(C)O,[],CC(C)(C)N(CC([O-])=O)C(=O)C1=C(O)C2(CCOCC2)c2c(Cl)cccc2C1=O>>OC(=O)CNC(=O)C1=C(O)C2(CCOCC2)c2c(Cl)cccc2C1=O
28,['Jaworski_139'],['Jaworski'],COc1cc(F)c(F)c(C(=O)c2cnc(NC3CCN(CC3)S(C)(=O)=O)nc2N)c1OC.[H+].[I-]>>COc1cc(F)c(F)c(C(=O)c2cnc(NC3CCN(CC3)S(C)(=O)=O)nc2N)c1O.CI,[],COc1cc(F)c(F)c(C(=O)c2cnc(NC3CCN(CC3)S(C)(=O)=O)nc2N)c1OC>>COc1cc(F)c(F)c(C(=O)c2cnc(NC3CCN(CC3)S(C)(=O)=O)nc2N)c1O
29,['Jaworski_140'],['Jaworski'],CCn1c(nc(F)c1[Si](C)(C)C)-c1cccc2ccccc12.O>>CCn1cc(F)nc1-c1cccc2ccccc12.C[Si](C)(C)O,[],CCn1c(nc(F)c1[Si](C)(C)C)-c1cccc2ccccc12>>CCn1cc(F)nc1-c1cccc2ccccc12
30,['Jaworski_141'],['Jaworski'],[CH3:9][CH:8]([CH3:10])[CH2:7][CH:6]([C:4](=[O:5])[O:3][CH3:2])[N:11]1[C:26]([CH:13]([N:14]2[C:18](=[O:19])[O:17][CH2:16][CH:15]2[C:20]=3[CH:25]=[CH:24][CH:23]=[CH:22][CH:21]=3)[CH:12]1[C:28]=4[CH:29]=[CH:30][CH:31]=[CH:32][C:33]=4[CH:34]=[CH2:35])=[O:27].[OH2:1]>>[CH3:9][CH:8]([CH3:10])[CH2:7][CH:6]([C:4](=[O:5])[OH:1])[N:11]1[CH:12]([CH:13]([N:14]2[C:18](=[O:19])[O:17][CH2:16][CH:15]2[C:20]=3[CH:25]=[CH:24][CH:23]=[CH:22][CH:21]=3)[C:26]1=[O:27])[C:28]=4[CH:29]=[CH:30][CH:31]=[CH:32][C:33]=4[CH:34]=[CH2:35].O[CH3:2],[],COC(=O)C(CC(C)C)N1C(C(N2C(COC2=O)c2ccccc2)C1=O)c1ccccc1C=C.O>>CC(C)CC(N1C(C(N2C(COC2=O)c2ccccc2)C1=O)c1ccccc1C=C)C(O)=O
31,['Jaworski_142'],['Jaworski'],CNc1ccc(c(OC)c1)-c1ccc2nonc2c1.[H+].[I-]>>CNc1ccc(c(O)c1)-c1ccc2nonc2c1.CI,[],CNc1ccc(c(OC)c1)-c1ccc2nonc2c1>>CNc1ccc(c(O)c1)-c1ccc2nonc2c1
32,['Jaworski_143'],['Jaworski'],[CH2:21]([CH3:22])[O:20][P:18]([O:23][CH2:24][CH3:25])(=[O:19])[CH2:17][CH2:16][CH2:15][CH2:14][CH2:13][CH2:12][O:11][C:10]1=[CH:9][CH:8]=[C:7]([CH:27]=[CH:26]1)[C:5](=[O:6])[O:4][CH2:3][CH3:2].[OH2:1]>>[CH2:21]([CH3:22])[O:20][P:18]([O:23][CH2:24][CH3:25])(=[O:19])[CH2:17][CH2:16][CH2:15][CH2:14][CH2:13][CH2:12][O:11][C:10]1=[CH:9][CH:8]=[C:7]([C:5](=[O:6])[OH:1])[CH:27]=[CH:26]1.O[CH2:3][CH3:2],[],CCOC(=O)c1ccc(OCCCCCCP(=O)(OCC)OCC)cc1.O>>CCOP(=O)(CCCCCCOc1ccc(cc1)C(O)=O)OCC
33,['Jaworski_151'],['Jaworski'],COc1ccc2[nH]c3c(C)ccc(C)c3c2c1.[H+].[I-]>>Cc1ccc(C)c2c3cc(O)ccc3[nH]c12.CI,[],COc1ccc2[nH]c3c(C)ccc(C)c3c2c1>>Cc1ccc(C)c2c3cc(O)ccc3[nH]c12
34,['Jaworski_153'],['Jaworski'],COC(=O)C1(CC1)c1cc(F)c(OC)c(F)c1.[H+].[I-]>>COC(=O)C1(CC1)c1cc(F)c(O)c(F)c1.CI,[],COC(=O)C1(CC1)c1cc(F)c(OC)c(F)c1>>COC(=O)C1(CC1)c1cc(F)c(O)c(F)c1
35,['Jaworski_154'],['Jaworski'],CCCCN1CCN(CC1)c1ccc(OC)cc1.[H+].[I-]>>CCCCN1CCN(CC1)c1ccc(O)cc1.CI,[],CCCCN1CCN(CC1)c1ccc(OC)cc1>>CCCCN1CCN(CC1)c1ccc(O)cc1
36,['Jaworski_157'],['Jaworski'],[CH3:30][C:29]1([CH3:31])[CH2:28][CH:27]=[C:18]([C:16]2=[CH:17][C:12]([CH:11]=[CH:10][C:9]3=[CH:32][CH:33]=[C:6]([CH:7]=[CH:8]3)[C:4](=[O:5])[O:3][CH3:2])=[CH:13][CH:14]=[C:15]12)[CH:19]=[CH:20][C:21]4=[CH:22][CH:23]=[CH:24][CH:25]=[CH:26]4.[OH2:1]>>[CH3:30][C:29]1([CH3:31])[C:15]=2[CH:14]=[CH:13][C:12]([CH:11]=[CH:10][C:9]3=[CH:32][CH:33]=[C:6]([C:4](=[O:5])[OH:1])[CH:7]=[CH:8]3)=[CH:17][C:16]=2[C:18](=[CH:27][CH2:28]1)[CH:19]=[CH:20][C:21]4=[CH:22][CH:23]=[CH:24][CH:25]=[CH:26]4.O[CH3:2],[],COC(=O)c1ccc(C=Cc2ccc3c(c2)C(C=Cc2ccccc2)=CCC3(C)C)cc1.O>>CC1(C)CC=C(C=Cc2ccccc2)c2cc(C=Cc3ccc(cc3)C(O)=O)ccc12
37,['Jaworski_158'],['Jaworski'],[CH3:32][CH:31]([CH3:33])[C:11]=1[CH:10]=[C:9]([O:8][CH2:7][C:5](=[O:6])[O:4][CH2:3][CH3:2])[C:14](=[CH:13][CH:12]=1)[CH2:15][CH2:16][NH:17][S:18](=[O:19])(=[O:20])[C:21]2=[CH:22][C:23]([C:29]#[N:30])=[CH:24][CH:25]=[C:26]2[O:27][CH3:28].[OH2:1]>>[O:19]=[S:18](=[O:20])([NH:17][CH2:16][CH2:15][C:14]=1[CH:13]=[CH:12][C:11](=[CH:10][C:9]=1[O:8][CH2:7][C:5](=[O:6])[OH:1])[CH:31]([CH3:32])[CH3:33])[C:21]=2[CH:22]=[C:23]([CH:24]=[CH:25][C:26]=2[O:27][CH3:28])[C:29]#[N:30].O[CH2:3][CH3:2],[],CCOC(=O)COc1cc(ccc1CCNS(=O)(=O)c1cc(ccc1OC)C#N)C(C)C.O>>COc1ccc(cc1S(=O)(=O)NCCc1ccc(cc1OCC(O)=O)C(C)C)C#N
38,['Jaworski_160'],['Jaworski'],COc1c(I)c(Cl)cc(F)c1-n1c(=O)cc(n(C)c1=O)C(F)(F)F.[H+].[I-]>>Cn1c(cc(=O)n(-c2c(F)cc(Cl)c(I)c2O)c1=O)C(F)(F)F.CI,[],COc1c(I)c(Cl)cc(F)c1-n1c(=O)cc(n(C)c1=O)C(F)(F)F>>Cn1c(cc(=O)n(-c2c(F)cc(Cl)c(I)c2O)c1=O)C(F)(F)F
39,['Jaworski_161'],['Jaworski'],[F:20][C:19]([F:21])([F:22])[C:18]1=[CH:17][C:9]([O:10][C:11]2=[CH:12][CH:13]=[CH:14][CH:15]=[CH:16]2)=[CH:8][CH:7]=[C:6]1[C:4]([O:3][CH3:2])=[O:5].[OH2:1]>>[F:20][C:19]([F:21])([F:22])[C:18]1=[CH:17][C:9]([O:10][C:11]2=[CH:12][CH:13]=[CH:14][CH:15]=[CH:16]2)=[CH:8][CH:7]=[C:6]1[C:4](=[O:5])[OH:1].O[CH3:2],[],O.COC(=O)c1ccc(Oc2ccccc2)cc1C(F)(F)F>>OC(=O)c1ccc(Oc2ccccc2)cc1C(F)(F)F
40,['Jaworski_165'],['Jaworski'],COc1ccccc1C=Cc1ccccc1.[H+].[I-]>>Oc1ccccc1C=Cc1ccccc1.CI,[],COc1ccccc1C=Cc1ccccc1>>Oc1ccccc1C=Cc1ccccc1
41,['golden_dataset_101'],['golden_dataset'],[CH:13]=1[CH:12]=[C:11]2[CH2:10][CH2:9][C:8]([CH2:17][C:16]2=[CH:15][CH:14]=1)=[O:7].[CH3:1][O:2][C:3]([O:5][CH3:6])=[O:4]>>[C:11]12=[CH:12][CH:13]=[CH:14][CH:15]=[C:16]1[CH:17]([C:3]([O:2][CH3:1])=[O:4])[C:8](=[O:7])[CH2:9][CH2:10]2.[OH:5][CH3:6],[],[CH:13]=1[CH:12]=[C:11]2[CH2:10][CH2:9][C:8]([CH2:17][C:16]2=[CH:15][CH:14]=1)=[O:7].[CH3:1][O:2][C:3]([O:5][CH3:6])=[O:4]>>[C:11]12=[CH:12][CH:13]=[CH:14][CH:15]=[C:16]1[CH:17]([C:3]([O:2][CH3:1])=[O:4])[C:8](=[O:7])[CH2:9][CH2:10]2
42,['Jaworski_231'],['Jaworski'],,['COC(=O)c1nn(CCN=[N+]=[N-])c(C(=O)OC)c1OCc1ccccc1>>COC(=O)c1nn2CCNC(=O)c2c1OCc1ccccc1'],COC(=O)c1nn(CCN=[N+]=[N-])c(C(=O)OC)c1OCc1ccccc1>>COC(=O)c1nn2CCNC(=O)c2c1OCc1ccccc1
43,['Jaworski_236'],['Jaworski'],[CH2:20]([CH:19]([C:17]([NH:16][CH:6]([C:4]([O:3][CH3:2])=[O:5])[CH2:7][S:8][CH2:9][C:10]=1[CH:15]=[CH:14][CH:13]=[CH:12][CH:11]=1)=[O:18])[CH2:38][C:39]=2[CH:44]=[CH:43][CH:42]=[CH:41][CH:40]=2)[CH:21]([CH2:22][C:23]3=[CH:24][CH:25]=[CH:26][CH:27]=[CH:28]3)[C:29]([NH:31][C:32]=4[N:37]=[CH:36][CH:35]=[CH:34][CH:33]=4)=[O:30].[OH2:1]>>[CH:21]([C:29]([NH:31][C:32]=1[N:37]=[CH:36][CH:35]=[CH:34][CH:33]=1)=[O:30])([CH2:20][CH:19]([CH2:38][C:39]2=[CH:40][CH:41]=[CH:42][CH:43]=[CH:44]2)[C:17](=[O:18])[NH:16][CH:6]([CH2:7][S:8][CH2:9][C:10]=3[CH:15]=[CH:14][CH:13]=[CH:12][CH:11]=3)[C:4]([OH:1])=[O:5])[CH2:22][C:23]4=[CH:24][CH:25]=[CH:26][CH:27]=[CH:28]4.O[CH3:2],[],COC(=O)C(CSCc1ccccc1)NC(=O)C(CC(Cc1ccccc1)C(=O)Nc1ccccn1)Cc1ccccc1.O>>OC(=O)C(CSCc1ccccc1)NC(=O)C(CC(Cc1ccccc1)C(=O)Nc1ccccn1)Cc1ccccc1
44,['Jaworski_240'],['Jaworski'],[OH2:1].[OH:22][P:21]([OH:23])([CH2:20][C:19]=1[C:10](=[N:11][C:12]=2[CH:13]=[CH:14][CH:15]=[CH:16][C:17]=2[N:18]=1)[CH2:9][CH:7]([C:5]([O:4][CH2:3][CH3:2])=[O:6])[NH2:8])=[O:24]>>[OH:22][P:21]([OH:23])([CH2:20][C:19]=1[C:10](=[N:11][C:12]=2[CH:13]=[CH:14][CH:15]=[CH:16][C:17]=2[N:18]=1)[CH2:9][CH:7]([C:5]([OH:1])=[O:6])[NH2:8])=[O:24].O[CH2:3][CH3:2],[],CCOC(=O)C(N)Cc1nc2ccccc2nc1CP(O)(O)=O.O>>NC(Cc1nc2ccccc2nc1CP(O)(O)=O)C(O)=O
45,['Jaworski_248'],['Jaworski'],[OH2:1].[O:23]([C:22]1=[CH:21][CH:20]=[C:19]([C:25](=[O:26])[O:27][CH3:28])[CH:18]=[C:17]1[O:16][CH2:15][CH2:14][CH2:13][CH2:12][CH2:11][CH2:10][CH2:9][CH2:8][CH2:7][CH2:6][CH2:5][CH2:4][CH2:3][CH3:2])[CH3:24]>>[CH2:9]([CH2:10][CH2:11][CH2:12][CH2:13][CH2:14][CH2:15][O:16][C:17]1=[CH:18][C:19]([C:25]([OH:1])=[O:26])=[CH:20][CH:21]=[C:22]1[O:23][CH3:24])[CH2:8][CH2:7][CH2:6][CH2:5][CH2:4][CH2:3][CH3:2].O[CH3:28],[],CCCCCCCCCCCCCCOc1cc(ccc1OC)C(=O)OC.O>>CCCCCCCCCCCCCCOc1cc(ccc1OC)C(O)=O
46,['Jaworski_260'],['Jaworski'],Clc1cccnn1.CC1(C)OB(OC1(C)C)c1ccc(cc1)-c1nc2n(ncc2c(=O)n1-c1ccc(Cl)cc1)-c1ccccc1>>Clc1ccc(cc1)-n1c(nc2n(ncc2c1=O)-c1ccccc1)-c1ccc(cc1)-c1cccnn1.CC1(C)OB(Cl)OC1(C)C,[],Clc1cccnn1.CC1(C)OB(OC1(C)C)c1ccc(cc1)-c1nc2n(ncc2c(=O)n1-c1ccc(Cl)cc1)-c1ccccc1>>Clc1ccc(cc1)-n1c(nc2n(ncc2c1=O)-c1ccccc1)-c1ccc(cc1)-c1cccnn1
47,['Jaworski_264'],['Jaworski'],[CH:8]1=[C:9]([C:11](=[C:6]([C:4]([O:3][CH3:2])=[O:5])[S:7]1)[O:12][CH3:13])[Br:10].[OH2:1]>>[Br:10][C:9]1=[CH:8][S:7][C:6]([C:4](=[O:5])[OH:1])=[C:11]1[O:12][CH3:13].O[CH3:2],[],COC(=O)c1scc(Br)c1OC.O>>COc1c(Br)csc1C(O)=O
48,['Jaworski_265'],['Jaworski'],COC1C(C)Cc2c1cc(cc2CCO)C(C)(C)C.BrN1C(=O)CCC1=O.[H].[H]>>COC1C(C)Cc2c1cc(cc2CCBr)C(C)(C)C.O.O=C1CCC(=O)N1,[],COC1C(C)Cc2c1cc(cc2CCO)C(C)(C)C.BrN1C(=O)CCC1=O>>COC1C(C)Cc2c1cc(cc2CCBr)C(C)(C)C
49,['Jaworski_266'],['Jaworski'],COC(=O)c1sc(cc1OC(CO[Si](C)(C)C(C)(C)C)c1ccccc1Cl)-n1cnc2cnc(CO[Si](C)(C)C(C)(C)C)cc12.N>>CC(C)(C)[Si](C)(C)OCC(Oc1cc(sc1C(N)=O)-n1cnc2cnc(CO[Si](C)(C)C(C)(C)C)cc12)c1ccccc1Cl.CO,[],COC(=O)c1sc(cc1OC(CO[Si](C)(C)C(C)(C)C)c1ccccc1Cl)-n1cnc2cnc(CO[Si](C)(C)C(C)(C)C)cc12.N>>CC(C)(C)[Si](C)(C)OCC(Oc1cc(sc1C(N)=O)-n1cnc2cnc(CO[Si](C)(C)C(C)(C)C)cc12)c1ccccc1Cl
50,['Jaworski_272'],['Jaworski'],COC(=O)c1ccc(OCCNC(=O)c2oc3ccccc3c2N(C)C)cc1.NO>>CN(C)c1c(oc2ccccc12)C(=O)NCCOc1ccc(cc1)C(=O)NO.CO,[],COC(=O)c1ccc(OCCNC(=O)c2oc3ccccc3c2N(C)C)cc1.NO>>CN(C)c1c(oc2ccccc12)C(=O)NCCOc1ccc(cc1)C(=O)NO
51,['Jaworski_273'],['Jaworski'],COC(=O)c1ccccc1NCc1ccnc(NC(=O)N(C)C)c1.Cc1n(C)nc2cc(N)ccc12>>CN(C)C(=O)Nc1cc(CNc2ccccc2C(=O)Nc2ccc3c(C)n(C)nc3c2)ccn1.CO,[],COC(=O)c1ccccc1NCc1ccnc(NC(=O)N(C)C)c1.Cc1n(C)nc2cc(N)ccc12>>CN(C)C(=O)Nc1cc(CNc2ccccc2C(=O)Nc2ccc3c(C)n(C)nc3c2)ccn1
52,['Jaworski_276'],['Jaworski'],CCCC(CC(=O)OC)C[N+]([O-])=O>>CCCC1CNC(=O)C1.CO.O.[OH-],[],CCCC(CC(=O)OC)C[N+]([O-])=O>>CCCC1CNC(=O)C1
53,['Jaworski_284'],['Jaworski'],COc1ccc(cc1)N(NC(=O)Cc1cc(OC)c(cc1Br)C(=O)ON1C(=O)CCC1=O)c1c(C)cccc1N1CCCCC1.CN1CCNCC1>>COc1ccc(cc1)N(NC(=O)Cc1cc(OC)c(cc1Br)C(=O)N1CCN(C)CC1)c1c(C)cccc1N1CCCCC1.O=C1CCC(=O)N1O,[],COc1ccc(cc1)N(NC(=O)Cc1cc(OC)c(cc1Br)C(=O)ON1C(=O)CCC1=O)c1c(C)cccc1N1CCCCC1.CN1CCNCC1>>COc1ccc(cc1)N(NC(=O)Cc1cc(OC)c(cc1Br)C(=O)N1CCN(C)CC1)c1c(C)cccc1N1CCCCC1
54,['Jaworski_286'],['Jaworski'],NO.CCOC(=O)Cc1oc-2cccc-2cc1-c1ccccc1>>ONC(=O)Cc1oc-2cccc-2cc1-c1ccccc1.CCO,[],NO.CCOC(=O)Cc1oc-2cccc-2cc1-c1ccccc1>>ONC(=O)Cc1oc-2cccc-2cc1-c1ccccc1
55,['Jaworski_288'],['Jaworski'],O=C(OCc1ccccc1)ON1C(=O)CCC1=O.OC(=O)C1CCCNC1>>OC(=O)C1CCCN(C1)C(=O)OCc1ccccc1.O=C1CCC(=O)N1O,[],O=C(OCc1ccccc1)ON1C(=O)CCC1=O.OC(=O)C1CCCNC1>>OC(=O)C1CCCN(C1)C(=O)OCc1ccccc1
56,['golden_dataset_150'],['golden_dataset'],[CH2:20]([CH3:19])[N:21]1[CH2:27][CH2:26][N:25]([C:28]=2[N:29]=[CH:30][C:31]([C:34]([O:36][CH3:37])=[O:35])=[CH:32][N:33]=2)[CH2:24][CH2:23][CH2:22]1.[CH2:7]([C:8]=1[NH:13][N:12]=[C:10]([CH:9]=1)[NH2:11])[CH2:6][C:5]2=[CH:14][C:15]([O:16][CH3:17])=[CH:18][C:3](=[CH:4]2)[O:2][CH3:1]>>[CH2:24]1[N:25]([C:28]2=[N:29][CH:30]=[C:31]([CH:32]=[N:33]2)[C:34](=[O:35])[NH:11][C:10]=3[NH:12][N:13]=[C:8]([CH2:7][CH2:6][C:5]=4[CH:4]=[C:3]([CH:18]=[C:15]([O:16][CH3:17])[CH:14]=4)[O:2][CH3:1])[CH:9]=3)[CH2:26][CH2:27][N:21]([CH2:22][CH2:23]1)[CH2:20][CH3:19].[OH:36][CH3:37],[],[CH2:20]([CH3:19])[N:21]1[CH2:27][CH2:26][N:25]([C:28]=2[N:29]=[CH:30][C:31]([C:34]([O:36][CH3:37])=[O:35])=[CH:32][N:33]=2)[CH2:24][CH2:23][CH2:22]1.[CH2:7]([C:8]=1[NH:13][N:12]=[C:10]([CH:9]=1)[NH2:11])[CH2:6][C:5]2=[CH:14][C:15]([O:16][CH3:17])=[CH:18][C:3](=[CH:4]2)[O:2][CH3:1]>>[CH2:24]1[N:25]([C:28]2=[N:29][CH:30]=[C:31]([CH:32]=[N:33]2)[C:34](=[O:35])[NH:11][C:10]=3[NH:12][N:13]=[C:8]([CH2:7][CH2:6][C:5]=4[CH:4]=[C:3]([CH:18]=[C:15]([O:16][CH3:17])[CH:14]=4)[O:2][CH3:1])[CH:9]=3)[CH2:26][CH2:27][N:21]([CH2:22][CH2:23]1)[CH2:20][CH3:19]
57,['Jaworski_293'],['Jaworski'],O=C(CCC1=CCCCC1)C1CCCC1.COC(=O)CC(C)=O>>O=C1CC(=O)OC(CCC2=CCCCC2)(C1)C1CCCC1.CO,[],O=C(CCC1=CCCCC1)C1CCCC1.COC(=O)CC(C)=O>>O=C1CC(=O)OC(CCC2=CCCCC2)(C1)C1CCCC1
58,['Jaworski_294'],['Jaworski'],COCCOc1cc2ncnc(Oc3cccc(N)c3)c2cc1OC.CC(C)c1cc(NC(=O)Oc2ccccc2)no1>>COCCOc1cc2ncnc(Oc3cccc(NC(=O)Nc4cc(on4)C(C)C)c3)c2cc1OC.Oc1ccccc1,[],COCCOc1cc2ncnc(Oc3cccc(N)c3)c2cc1OC.CC(C)c1cc(NC(=O)Oc2ccccc2)no1>>COCCOc1cc2ncnc(Oc3cccc(NC(=O)Nc4cc(on4)C(C)C)c3)c2cc1OC
59,['Jaworski_300'],['Jaworski'],CCOC(CN)OCC.CCC(=Cc1ccccc1C(=O)OC)[N+]([O-])=O>>CCOC(CN1C(C(CC)[N+]([O-])=O)c2ccccc2C1=O)OCC.CO,[],CCOC(CN)OCC.CCC(=Cc1ccccc1C(=O)OC)[N+]([O-])=O>>CCOC(CN1C(C(CC)[N+]([O-])=O)c2ccccc2C1=O)OCC
60,['Jaworski_301'],['Jaworski'],CC(C)(C)OC(=O)Nc1ccc(cc1N)C(F)(F)F.CC(C)(C)OC(=O)CC(=O)c1cccc(c1)-c1ccc(nc1)C1CC1>>CC(C)(C)OC(=O)Nc1ccc(cc1NC(=O)CC(=O)c1cccc(c1)-c1ccc(nc1)C1CC1)C(F)(F)F.CC(C)(C)O,[],CC(C)(C)OC(=O)Nc1ccc(cc1N)C(F)(F)F.CC(C)(C)OC(=O)CC(=O)c1cccc(c1)-c1ccc(nc1)C1CC1>>CC(C)(C)OC(=O)Nc1ccc(cc1NC(=O)CC(=O)c1cccc(c1)-c1ccc(nc1)C1CC1)C(F)(F)F
61,['Jaworski_303'],['Jaworski'],Cc1cccc(N)c(=O)c1.COC(=O)C1=C(O)c2ccccc2S(=O)(=O)N1C>>CN1C(C(=O)Nc2cccc(C)cc2=O)=C(O)c2ccccc2S1(=O)=O.CO,[],Cc1cccc(N)c(=O)c1.COC(=O)C1=C(O)c2ccccc2S(=O)(=O)N1C>>CN1C(C(=O)Nc2cccc(C)cc2=O)=C(O)c2ccccc2S1(=O)=O
62,['Jaworski_305'],['Jaworski'],CCOC(=O)C1CCC(N1C)C(=O)OCC.NCc1ccccc1>>CCOC(=O)C1CCC(N1C)C(=O)NCc1ccccc1.CCO,[],CCOC(=O)C1CCC(N1C)C(=O)OCC.NCc1ccccc1>>CCOC(=O)C1CCC(N1C)C(=O)NCc1ccccc1
63,['Jaworski_308'],['Jaworski'],CCOC(=O)CC(C[N+]([O-])=O)c1cc2ccccc2o1>>O=C1CC(CN1)c1cc2ccccc2o1.CCO.O.[OH-],[],CCOC(=O)CC(C[N+]([O-])=O)c1cc2ccccc2o1>>O=C1CC(CN1)c1cc2ccccc2o1
64,['Jaworski_312'],['Jaworski'],CN(CCCCCCCCCO[Si](C)(C)C(C)(C)C)C1C2CCC1C(O)C2.CCOC(=O)C(O)(c1cccs1)c1cccs1>>CN(CCCCCCCCCO[Si](C)(C)C(C)(C)C)C1C2CCC1C(C2)OC(=O)C(O)(c1cccs1)c1cccs1.CCO,[],CN(CCCCCCCCCO[Si](C)(C)C(C)(C)C)C1C2CCC1C(O)C2.CCOC(=O)C(O)(c1cccs1)c1cccs1>>CN(CCCCCCCCCO[Si](C)(C)C(C)(C)C)C1C2CCC1C(C2)OC(=O)C(O)(c1cccs1)c1cccs1
65,['golden_dataset_169'],['golden_dataset'],[CH:7]=1[C:8]([CH3:9])=[C:2]([F:1])[CH:3]=[C:4]([NH2:5])[CH:6]=1.[CH3:11][C:10]([CH3:12])([CH3:13])[O:14][C:15]([NH:16][CH2:17][CH:18]1[O:19][CH2:20]1)=[O:21].[CH3:25][N:24]([CH3:26])[CH:23]=[O:22].[O]>>[CH3:11][C:10]([CH3:12])([CH3:13])[O:14][C:15]([NH:16][CH2:17][CH:18]1[O:19][C:23](=[O:22])[N:5]([C:4]2=[CH:3][C:2](=[C:8]([CH3:9])[CH:7]=[CH:6]2)[F:1])[CH2:20]1)=[O:21].[NH:24]([CH3:25])[CH3:26].O,[],[CH:7]=1[C:8]([CH3:9])=[C:2]([F:1])[CH:3]=[C:4]([NH2:5])[CH:6]=1.[CH3:11][C:10]([CH3:12])([CH3:13])[O:14][C:15]([NH:16][CH2:17][CH:18]1[O:19][CH2:20]1)=[O:21].[CH3:25][N:24]([CH3:26])[CH:23]=[O:22]>>[CH3:11][C:10]([CH3:12])([CH3:13])[O:14][C:15]([NH:16][CH2:17][CH:18]1[O:19][C:23](=[O:22])[N:5]([C:4]2=[CH:3][C:2](=[C:8]([CH3:9])[CH:7]=[CH:6]2)[F:1])[CH2:20]1)=[O:21]
66,['Jaworski_332'],['Jaworski'],,['BrC(Br)(Br)Br.COCC1(CCO)CN(C(C)c2ccccc2)C(=O)C1>>COCC1(CCBr)CN(C(C)c2ccccc2)C(=O)C1.OC(Br)(Br)Br'],BrC(Br)(Br)Br.COCC1(CCO)CN(C(C)c2ccccc2)C(=O)C1>>COCC1(CCBr)CN(C(C)c2ccccc2)C(=O)C1
67,['golden_dataset_177'],['golden_dataset'],[CH2:16]=[CH:15][CH2:14][Cl:17].[CH3:18][Si:19]([CH3:20])([CH3:21])[C:22]#[N:23].[Cl:25][CH:24]([Cl:26])[Cl:27].[N:11]#[C:10][C:9]([C:12]#[N:13])=[CH:8][C:5]=1[CH:6]=[N:7][C:2](=[CH:3][CH:4]=1)[Cl:1]>>[C:10](#[N:11])[C:9]([C:12]#[N:13])([CH2:14][CH:15]=[CH2:16])[CH:8]([C:22]#[N:23])[C:5]=1[CH:6]=[N:7][C:2](=[CH:3][CH:4]=1)[Cl:1].[CH:24]([Cl:25])([Cl:26])[Cl:27].[Cl:17][Si:19]([CH3:18])([CH3:20])[CH3:21],[],[CH2:16]=[CH:15][CH2:14][Cl:17].[CH3:18][Si:19]([CH3:20])([CH3:21])[C:22]#[N:23].[Cl:25][CH:24]([Cl:26])[Cl:27].[N:11]#[C:10][C:9]([C:12]#[N:13])=[CH:8][C:5]=1[CH:6]=[N:7][C:2](=[CH:3][CH:4]=1)[Cl:1]>>[C:10](#[N:11])[C:9]([C:12]#[N:13])([CH2:14][CH:15]=[CH2:16])[CH:8]([C:22]#[N:23])[C:5]=1[CH:6]=[N:7][C:2](=[CH:3][CH:4]=1)[Cl:1]
68,['Jaworski_369'],['Jaworski'],,['CCOC(C)(OCC)OCC.OCC(CO)(CO)CO>>CC12OCC(CO)(CO1)CO2'],CCOC(C)(OCC)OCC.OCC(CO)(CO)CO>>CC12OCC(CO)(CO1)CO2
69,['Jaworski_382'],['Jaworski'],,['O=C(n1ccnc1)n1ccnc1.CC(C)(C)OC(=O)N1CCC(CC1)NCc1ccccc1[N+]([O-])=O>>CC(C)(C)OC(=O)N1CCC(CC1)N1Cc2ccccc2NC1=O'],O=C(n1ccnc1)n1ccnc1.CC(C)(C)OC(=O)N1CCC(CC1)NCc1ccccc1[N+]([O-])=O>>CC(C)(C)OC(=O)N1CCC(CC1)N1Cc2ccccc2NC1=O
70,['golden_dataset_184'],['golden_dataset'],,['[O:13]=[CH:12][C:11]1=[C:14]([OH:15])[C:7]([O:6][CH3:5])=[CH:8][CH:9]=[CH:10]1.[OH:1][OH:2].[OH:3][OH:4]>>[OH:15][C:14]1=[C:11]([OH:2])[CH:10]=[CH:9][CH:8]=[C:7]1[O:6][CH3:5].[OH:2][CH:12]=[O:13].[OH:3][OH:4]'],[O:13]=[CH:12][C:11]1=[C:14]([OH:15])[C:7]([O:6][CH3:5])=[CH:8][CH:9]=[CH:10]1.[OH:1][OH:2].[OH:3][OH:4]>>[OH:15][C:14]1=[C:11]([OH:2])[CH:10]=[CH:9][CH:8]=[C:7]1[O:6][CH3:5]
71,['golden_dataset_186'],['golden_dataset'],[C:9](=[O:14])([CH3:8])[O:10][C:11](=[O:13])[CH3:12].[C:16](=[O:21])([CH3:15])[O:17][C:18](=[O:20])[CH3:19].[CH2:2]([OH:1])[CH2:3][CH2:4][CH2:5][CH2:6][OH:7]>>[C:11]([O:1][CH2:2][CH2:3][CH2:4][CH2:5][CH2:6][O:7][C:18](=[O:20])[CH3:19])(=[O:13])[CH3:12].[OH:10][C:11]([CH3:12])=[O:13].[OH:17][C:18]([CH3:19])=[O:20],[],[C:9](=[O:14])([CH3:8])[O:10][C:11](=[O:13])[CH3:12].[C:16](=[O:21])([CH3:15])[O:17][C:18](=[O:20])[CH3:19].[CH2:2]([OH:1])[CH2:3][CH2:4][CH2:5][CH2:6][OH:7]>>[C:11]([O:1][CH2:2][CH2:3][CH2:4][CH2:5][CH2:6][O:7][C:18](=[O:20])[CH3:19])(=[O:13])[CH3:12]
72,['golden_dataset_187'],['golden_dataset'],[C:2]([O:3][CH2:4][CH2:5][CH2:6][CH2:7][CH2:8][O:9][C:10](=[O:12])[CH3:11])(=[O:13])[CH3:1]>>[CH2:4]=[CH:5][CH2:6][CH:7]=[CH2:8].[CH3:1][C:2]([OH:3])=[O:13].[OH:9][C:10]([CH3:11])=[O:12],[],[C:2]([O:3][CH2:4][CH2:5][CH2:6][CH2:7][CH2:8][O:9][C:10](=[O:12])[CH3:11])(=[O:13])[CH3:1]>>[CH2:4]=[CH:5][CH2:6][CH:7]=[CH2:8]
73,['golden_dataset_194'],['golden_dataset'],,['[CH:6]1=[C:5]([NH2:4])[CH:10]=[CH:9][C:8]([N+:11]([O-:12])=[O:13])=[CH:7]1.[CH3:14][C:15]1([CH3:16])[C:20]([CH3:21])([CH3:22])[O:19][B:18]([O:17]1)[B:23]2[O:24][C:25]([CH3:30])([CH3:31])[C:26]([CH3:28])([CH3:29])[O:27]2.[N:2]([O-:1])=[O:3]>>[CH3:14][C:15]1([CH3:16])[C:20]([CH3:21])([CH3:22])[O:19][B:18]([O:17]1)[C:5]=2[CH:10]=[CH:9][C:8](=[CH:7][CH:6]=2)[N+:11]([O-:12])=[O:13].[NH2:4][B:23]1[O:24][C:25]([CH3:30])([CH3:31])[C:26]([CH3:28])([CH3:29])[O:27]1.[O-:1][N:2]=[O:3]'],[CH:6]1=[C:5]([NH2:4])[CH:10]=[CH:9][C:8]([N+:11]([O-:12])=[O:13])=[CH:7]1.[CH3:14][C:15]1([CH3:16])[C:20]([CH3:21])([CH3:22])[O:19][B:18]([O:17]1)[B:23]2[O:24][C:25]([CH3:30])([CH3:31])[C:26]([CH3:28])([CH3:29])[O:27]2.[N:2]([O-:1])=[O:3]>>[CH3:14][C:15]1([CH3:16])[C:20]([CH3:21])([CH3:22])[O:19][B:18]([O:17]1)[C:5]=2[CH:10]=[CH:9][C:8](=[CH:7][CH:6]=2)[N+:11]([O-:12])=[O:13]
74,['golden_dataset_196'],['golden_dataset'],,['[CH2:21]([CH2:20][NH2:19])[C:22]1=[CH:23][CH:24]=[CH:25][CH:26]=[CH:27]1.[CH:15]=1[CH:16]=[CH:17][C:12](=[CH:13][CH:14]=1)[CH:11]=[O:18].[CH3:1][C:2]([CH3:3])([CH3:4])[O:5][O:6][C:7]([CH3:8])([CH3:9])[CH3:10]>>[CH:14]1=[CH:13][C:12]([C:11]([NH:19][CH2:20][CH2:21][C:22]=2[CH:23]=[CH:24][CH:25]=[CH:26][CH:27]=2)=[O:18])=[CH:17][CH:16]=[CH:15]1'],[CH2:21]([CH2:20][NH2:19])[C:22]1=[CH:23][CH:24]=[CH:25][CH:26]=[CH:27]1.[CH:15]=1[CH:16]=[CH:17][C:12](=[CH:13][CH:14]=1)[CH:11]=[O:18].[CH3:1][C:2]([CH3:3])([CH3:4])[O:5][O:6][C:7]([CH3:8])([CH3:9])[CH3:10]>>[CH:14]1=[CH:13][C:12]([C:11]([NH:19][CH2:20][CH2:21][C:22]=2[CH:23]=[CH:24][CH:25]=[CH:26][CH:27]=2)=[O:18])=[CH:17][CH:16]=[CH:15]1
75,['golden_dataset_197'],['golden_dataset'],[CH:9]=1[CH:10]=[C:11]([C:12]([OH:13])=[O:14])[C:6](=[CH:7][CH:8]=1)[NH2:5].[O:22]=[S:20](=[O:23])([Cl:21])[C:19]1=[CH:18][CH:17]=[C:16]([CH3:15])[CH:25]=[CH:24]1.[O-:1][C:2]([O-:3])=[O:4]>>[O:22]=[S:20](=[O:23])([NH:5][C:6]=1[C:11](=[CH:10][CH:9]=[CH:8][CH:7]=1)[C:12](=[O:14])[O-:13])[C:19]2=[CH:18][CH:17]=[C:16]([CH3:15])[CH:25]=[CH:24]2.[ClH:21].[O-:1][C:2]([O-:3])=[O:4].[H+],[],[CH:9]=1[CH:10]=[C:11]([C:12]([OH:13])=[O:14])[C:6](=[CH:7][CH:8]=1)[NH2:5].[O:22]=[S:20](=[O:23])([Cl:21])[C:19]1=[CH:18][CH:17]=[C:16]([CH3:15])[CH:25]=[CH:24]1.[O-:1][C:2]([O-:3])=[O:4]>>[O:22]=[S:20](=[O:23])([NH:5][C:6]=1[C:11](=[CH:10][CH:9]=[CH:8][CH:7]=1)[C:12](=[O:14])[O-:13])[C:19]2=[CH:18][CH:17]=[C:16]([CH3:15])[CH:25]=[CH:24]2
76,['golden_dataset_198'],['golden_dataset'],[CH2:20]1[CH2:19][CH:18]([CH2:23][CH2:22][CH2:21]1)[N-:24][CH:25]2[CH2:26][CH2:27][CH2:28][CH2:29][CH2:30]2.[CH:4]=1[CH:5]=[C:6]([Br:9])[CH:7]=[CH:8][C:3]=1[O:2][CH3:1].[CH3:14][C:13]([CH3:16])([CH3:15])[O:12][C:11](=[O:17])[CH3:10]>>[CH3:14][C:13]([CH3:16])([CH3:15])[O:12][C:11]([CH2:10][C:6]=1[CH:7]=[CH:8][C:3](=[CH:4][CH:5]=1)[O:2][CH3:1])=[O:17].[BrH:9].[CH:18]1([N-:24][CH:25]2[CH2:26][CH2:27][CH2:28][CH2:29][CH2:30]2)[CH2:19][CH2:20][CH2:21][CH2:22][CH2:23]1,[],[CH2:20]1[CH2:19][CH:18]([CH2:23][CH2:22][CH2:21]1)[N-:24][CH:25]2[CH2:26][CH2:27][CH2:28][CH2:29][CH2:30]2.[CH:4]=1[CH:5]=[C:6]([Br:9])[CH:7]=[CH:8][C:3]=1[O:2][CH3:1].[CH3:14][C:13]([CH3:16])([CH3:15])[O:12][C:11](=[O:17])[CH3:10]>>[CH3:14][C:13]([CH3:16])([CH3:15])[O:12][C:11]([CH2:10][C:6]=1[CH:7]=[CH:8][C:3](=[CH:4][CH:5]=1)[O:2][CH3:1])=[O:17]
77,['golden_dataset_199'],['golden_dataset'],[Br:12][C:11]=1[CH:13]=[CH:14][CH:15]=[C:9]([F:8])[CH:10]=1.[CH2:18]1[CH2:17][CH:16]([CH2:21][CH2:20][CH2:19]1)[N-:22][CH:23]2[CH2:24][CH2:25][CH2:26][CH2:27][CH2:28]2.[CH3:5][CH:4]([CH3:6])[C:3]([O:2][CH3:1])=[O:7]>>[CH3:5][C:4]([CH3:6])([C:11]=1[CH:13]=[CH:14][CH:15]=[C:9]([F:8])[CH:10]=1)[C:3](=[O:7])[O:2][CH3:1].[BrH:12].[CH:16]1([N-:22][CH:23]2[CH2:24][CH2:25][CH2:26][CH2:27][CH2:28]2)[CH2:17][CH2:18][CH2:19][CH2:20][CH2:21]1,[],[Br:12][C:11]=1[CH:13]=[CH:14][CH:15]=[C:9]([F:8])[CH:10]=1.[CH2:18]1[CH2:17][CH:16]([CH2:21][CH2:20][CH2:19]1)[N-:22][CH:23]2[CH2:24][CH2:25][CH2:26][CH2:27][CH2:28]2.[CH3:5][CH:4]([CH3:6])[C:3]([O:2][CH3:1])=[O:7]>>[CH3:5][C:4]([CH3:6])([C:11]=1[CH:13]=[CH:14][CH:15]=[C:9]([F:8])[CH:10]=1)[C:3](=[O:7])[O:2][CH3:1]
78,['golden_dataset_201'],['golden_dataset'],[CH2:24]=[CH:23][CH2:22][Br:21].[CH3:1][CH:2]([CH3:3])[N-:4][CH:5]([CH3:6])[CH3:7].[Cl:15][C:14]([Cl:16])([Cl:17])[CH:13]1[O:18][C:19]([CH:8]2[CH2:9][CH2:10][CH2:11][N:12]12)=[O:20]>>[Cl:15][C:14]([Cl:16])([Cl:17])[CH:13]1[N:12]2[CH2:11][CH2:10][CH2:9][C:8]2([CH2:22][CH:23]=[CH2:24])[C:19]([O:18]1)=[O:20].[BrH:21].[CH3:1][CH:2]([CH3:3])[N-:4][CH:5]([CH3:6])[CH3:7],[],[CH2:24]=[CH:23][CH2:22][Br:21].[CH3:1][CH:2]([CH3:3])[N-:4][CH:5]([CH3:6])[CH3:7].[Cl:15][C:14]([Cl:16])([Cl:17])[CH:13]1[O:18][C:19]([CH:8]2[CH2:9][CH2:10][CH2:11][N:12]12)=[O:20]>>[Cl:15][C:14]([Cl:16])([Cl:17])[CH:13]1[N:12]2[CH2:11][CH2:10][CH2:9][C:8]2([CH2:22][CH:23]=[CH2:24])[C:19]([O:18]1)=[O:20]
79,['golden_dataset_202'],['golden_dataset'],,['[CH:1]1([C:2](=[O:4])[OH:3])[CH2:5][CH2:6][CH2:7][NH:8]1.[Cl:15][C:14]([Cl:16])([Cl:17])[CH:10]([OH:9])[O:11][CH2:12][CH3:13]>>[Cl:15][C:14]([Cl:16])([Cl:17])[CH:10]1[O:9][C:2]([CH:1]2[CH2:5][CH2:6][CH2:7][N:8]12)=[O:4]'],[CH:1]1([C:2](=[O:4])[OH:3])[CH2:5][CH2:6][CH2:7][NH:8]1.[Cl:15][C:14]([Cl:16])([Cl:17])[CH:10]([OH:9])[O:11][CH2:12][CH3:13]>>[Cl:15][C:14]([Cl:16])([Cl:17])[CH:10]1[O:9][C:2]([CH:1]2[CH2:5][CH2:6][CH2:7][N:8]12)=[O:4]
80,['golden_dataset_205'],['golden_dataset'],[CH2:19]1[CH2:18][CH:17]([CH2:22][CH2:21][CH2:20]1)[N-:23][CH:24]2[CH2:25][CH2:26][CH2:27][CH2:28][CH2:29]2.[CH:15]=1[C:10]([F:9])=[CH:11][CH:12]=[C:13]([Br:16])[CH:14]=1.[CH3:5][C:4]([CH3:6])([CH3:7])[O:3][C:2](=[O:8])[CH3:1]>>[CH3:5][C:4]([CH3:6])([CH3:7])[O:3][C:2]([CH2:1][C:13]=1[CH:12]=[CH:11][C:10](=[CH:15][CH:14]=1)[F:9])=[O:8].[BrH:16].[CH:17]1([N-:23][CH:24]2[CH2:25][CH2:26][CH2:27][CH2:28][CH2:29]2)[CH2:18][CH2:19][CH2:20][CH2:21][CH2:22]1,[],[CH2:19]1[CH2:18][CH:17]([CH2:22][CH2:21][CH2:20]1)[N-:23][CH:24]2[CH2:25][CH2:26][CH2:27][CH2:28][CH2:29]2.[CH:15]=1[C:10]([F:9])=[CH:11][CH:12]=[C:13]([Br:16])[CH:14]=1.[CH3:5][C:4]([CH3:6])([CH3:7])[O:3][C:2](=[O:8])[CH3:1]>>[CH3:5][C:4]([CH3:6])([CH3:7])[O:3][C:2]([CH2:1][C:13]=1[CH:12]=[CH:11][C:10](=[CH:15][CH:14]=1)[F:9])=[O:8]
81,['golden_dataset_207'],['golden_dataset'],[CH2:18]1[CH2:17][CH:16]([CH2:21][CH2:20][CH2:19]1)[N-:22][CH:23]2[CH2:24][CH2:25][CH2:26][CH2:27][CH2:28]2.[CH:7]=1[C:2]([Cl:1])=[CH:3][CH:4]=[C:5]([Br:8])[CH:6]=1.[CH3:13][CH:12]([CH3:14])[C:11]([O:10][CH3:9])=[O:15]>>[CH3:13][C:12]([CH3:14])([C:11](=[O:15])[O:10][CH3:9])[C:5]=1[CH:4]=[CH:3][C:2]([Cl:1])=[CH:7][CH:6]=1.[BrH:8].[CH:16]1([N-:22][CH:23]2[CH2:24][CH2:25][CH2:26][CH2:27][CH2:28]2)[CH2:17][CH2:18][CH2:19][CH2:20][CH2:21]1,[],[CH2:18]1[CH2:17][CH:16]([CH2:21][CH2:20][CH2:19]1)[N-:22][CH:23]2[CH2:24][CH2:25][CH2:26][CH2:27][CH2:28]2.[CH:7]=1[C:2]([Cl:1])=[CH:3][CH:4]=[C:5]([Br:8])[CH:6]=1.[CH3:13][CH:12]([CH3:14])[C:11]([O:10][CH3:9])=[O:15]>>[CH3:13][C:12]([CH3:14])([C:11](=[O:15])[O:10][CH3:9])[C:5]=1[CH:4]=[CH:3][C:2]([Cl:1])=[CH:7][CH:6]=1
82,['golden_dataset_209'],['golden_dataset'],[CH2:19]1[CH2:18][CH:17]([CH2:22][CH2:21][CH2:20]1)[N-:23][CH:24]2[CH2:25][CH2:26][CH2:27][CH2:28][CH2:29]2.[CH:4]=1[CH:5]=[C:6]([Br:9])[CH:7]=[CH:8][C:3]=1[O:2][CH3:1].[CH3:14][CH:13]([CH3:15])[C:12]([O:11][CH3:10])=[O:16]>>[CH3:14][C:13]([CH3:15])([C:12](=[O:16])[O:11][CH3:10])[C:6]1=[CH:5][CH:4]=[C:3]([O:2][CH3:1])[CH:8]=[CH:7]1.[BrH:9].[CH:17]1([N-:23][CH:24]2[CH2:25][CH2:26][CH2:27][CH2:28][CH2:29]2)[CH2:18][CH2:19][CH2:20][CH2:21][CH2:22]1,[],[CH2:19]1[CH2:18][CH:17]([CH2:22][CH2:21][CH2:20]1)[N-:23][CH:24]2[CH2:25][CH2:26][CH2:27][CH2:28][CH2:29]2.[CH:4]=1[CH:5]=[C:6]([Br:9])[CH:7]=[CH:8][C:3]=1[O:2][CH3:1].[CH3:14][CH:13]([CH3:15])[C:12]([O:11][CH3:10])=[O:16]>>[CH3:14][C:13]([CH3:15])([C:12](=[O:16])[O:11][CH3:10])[C:6]1=[CH:5][CH:4]=[C:3]([O:2][CH3:1])[CH:8]=[CH:7]1
83,['golden_dataset_212'],['golden_dataset'],[CH2:4]1[CH2:5][CH2:6][CH2:7][CH2:8][CH2:9][C:2]([CH2:3]1)=[O:1].[CH3:10][CH2:11][O:12][C:13]([O:14][CH2:15][CH3:16])=[O:17]>>[CH2:8]1[CH2:7][CH2:6][CH2:5][CH2:4][CH2:3][C:2](=[O:1])[CH:9]1[C:13](=[O:17])[O:14][CH2:15][CH3:16].[OH:14][CH2:15][CH3:16],[],[CH2:4]1[CH2:5][CH2:6][CH2:7][CH2:8][CH2:9][C:2]([CH2:3]1)=[O:1].[CH3:10][CH2:11][O:12][C:13]([O:14][CH2:15][CH3:16])=[O:17]>>[CH2:8]1[CH2:7][CH2:6][CH2:5][CH2:4][CH2:3][C:2](=[O:1])[CH:9]1[C:13](=[O:17])[O:14][CH2:15][CH3:16]
84,['golden_dataset_214'],['golden_dataset'],[CH2:22]1[CH2:21][CH:20]([CH2:25][CH2:24][CH2:23]1)[N-:26][CH:27]2[CH2:32][CH2:31][CH2:30][CH2:29][CH2:28]2.[CH3:9][C:10]([CH3:19])([CH3:11])[C:12]=1[CH:17]=[CH:16][C:15]([Br:18])=[CH:14][CH:13]=1.[CH3:5][C:4]([CH3:6])([CH3:7])[O:3][C:2](=[O:8])[CH3:1]>>[CH3:9][C:10]([CH3:19])([CH3:11])[C:12]=1[CH:17]=[CH:16][C:15](=[CH:14][CH:13]=1)[CH2:1][C:2](=[O:8])[O:3][C:4]([CH3:5])([CH3:6])[CH3:7].[BrH:18].[CH:20]1([N-:26][CH:27]2[CH2:28][CH2:29][CH2:30][CH2:31][CH2:32]2)[CH2:21][CH2:22][CH2:23][CH2:24][CH2:25]1,[],[CH2:22]1[CH2:21][CH:20]([CH2:25][CH2:24][CH2:23]1)[N-:26][CH:27]2[CH2:32][CH2:31][CH2:30][CH2:29][CH2:28]2.[CH3:9][C:10]([CH3:19])([CH3:11])[C:12]=1[CH:17]=[CH:16][C:15]([Br:18])=[CH:14][CH:13]=1.[CH3:5][C:4]([CH3:6])([CH3:7])[O:3][C:2](=[O:8])[CH3:1]>>[CH3:9][C:10]([CH3:19])([CH3:11])[C:12]=1[CH:17]=[CH:16][C:15](=[CH:14][CH:13]=1)[CH2:1][C:2](=[O:8])[O:3][C:4]([CH3:5])([CH3:6])[CH3:7]
85,['golden_dataset_215'],['golden_dataset'],[CH3:6][C:7]([CH3:8])([CH3:22])[CH:9]([NH:10][C:11]([C:12]1=[CH:17][CH:16]=[CH:15][CH:14]=[C:13]1[Br:18])=[O:19])[CH2:20][OH:21].[O:3]=[S:2](=[O:5])([CH3:1])[Cl:4]>>[CH3:6][C:7]([CH3:8])([CH3:22])[CH:9]1[N:10]=[C:11]([O:19][CH2:20]1)[C:12]=2[C:13](=[CH:14][CH:15]=[CH:16][CH:17]=2)[Br:18].[CH3:1][S:2](=[O:3])([Cl:4])=[O:5].[OH2:19],[],[CH3:6][C:7]([CH3:8])([CH3:22])[CH:9]([NH:10][C:11]([C:12]1=[CH:17][CH:16]=[CH:15][CH:14]=[C:13]1[Br:18])=[O:19])[CH2:20][OH:21].[O:3]=[S:2](=[O:5])([CH3:1])[Cl:4]>>[CH3:6][C:7]([CH3:8])([CH3:22])[CH:9]1[N:10]=[C:11]([O:19][CH2:20]1)[C:12]=2[C:13](=[CH:14][CH:15]=[CH:16][CH:17]=2)[Br:18]
86,['golden_dataset_216'],['golden_dataset'],[CH2:20]1[CH2:19][CH:18]([CH2:23][CH2:22][CH2:21]1)[N-:24][CH:25]2[CH2:26][CH2:27][CH2:28][CH2:29][CH2:30]2.[CH3:5][CH:4]([CH3:6])[C:3]([O:2][CH3:1])=[O:7].[CH3:8][N:9]([CH3:17])[C:10]1=[CH:11][CH:12]=[C:13]([CH:14]=[CH:15]1)[Br:16]>>[CH3:5][C:4]([CH3:6])([C:3](=[O:7])[O:2][CH3:1])[C:13]=1[CH:14]=[CH:15][C:10]([N:9]([CH3:8])[CH3:17])=[CH:11][CH:12]=1.[BrH:16].[CH:18]1([N-:24][CH:25]2[CH2:26][CH2:27][CH2:28][CH2:29][CH2:30]2)[CH2:19][CH2:20][CH2:21][CH2:22][CH2:23]1,[],[CH2:20]1[CH2:19][CH:18]([CH2:23][CH2:22][CH2:21]1)[N-:24][CH:25]2[CH2:26][CH2:27][CH2:28][CH2:29][CH2:30]2.[CH3:5][CH:4]([CH3:6])[C:3]([O:2][CH3:1])=[O:7].[CH3:8][N:9]([CH3:17])[C:10]1=[CH:11][CH:12]=[C:13]([CH:14]=[CH:15]1)[Br:16]>>[CH3:5][C:4]([CH3:6])([C:3](=[O:7])[O:2][CH3:1])[C:13]=1[CH:14]=[CH:15][C:10]([N:9]([CH3:8])[CH3:17])=[CH:11][CH:12]=1
87,['golden_dataset_219'],['golden_dataset'],[Br:1][C:2]=1[CH:6]=[CH:5][S:4][CH:3]=1.[CH2:16]1[CH2:15][CH:14]([CH2:19][CH2:18][CH2:17]1)[N-:20][CH:21]2[CH2:26][CH2:25][CH2:24][CH2:23][CH2:22]2.[CH3:11][CH:10]([CH3:12])[C:9]([O:8][CH3:7])=[O:13]>>[CH3:11][C:10]([CH3:12])([C:2]=1[CH:6]=[CH:5][S:4][CH:3]=1)[C:9]([O:8][CH3:7])=[O:13].[BrH:1].[CH:14]1([N-:20][CH:21]2[CH2:22][CH2:23][CH2:24][CH2:25][CH2:26]2)[CH2:15][CH2:16][CH2:17][CH2:18][CH2:19]1,[],[Br:1][C:2]=1[CH:6]=[CH:5][S:4][CH:3]=1.[CH2:16]1[CH2:15][CH:14]([CH2:19][CH2:18][CH2:17]1)[N-:20][CH:21]2[CH2:26][CH2:25][CH2:24][CH2:23][CH2:22]2.[CH3:11][CH:10]([CH3:12])[C:9]([O:8][CH3:7])=[O:13]>>[CH3:11][C:10]([CH3:12])([C:2]=1[CH:6]=[CH:5][S:4][CH:3]=1)[C:9]([O:8][CH3:7])=[O:13]
88,['golden_dataset_220'],['golden_dataset'],[CH2:2]([CH3:1])[N:3]([CH2:4][CH3:5])[CH2:6][CH3:7].[CH2:9]([CH3:8])[N:10]([CH2:11][CH3:12])[CH2:13][CH3:14].[F:18][C:17]([F:19])([F:20])[C:16](=[O:15])[O:21][C:22]([C:23]([F:24])([F:25])[F:26])=[O:27].[F:39][C:38]([F:40])([F:41])[C:35]=1[CH:36]=[N:37][C:32](=[CH:33][CH:34]=1)[CH2:31][C:30]([C:42]=2[CH:43]=[C:44]([CH:46]=[CH:47][CH:48]=2)[Br:45])=[N:29][OH:28]>>[F:39][C:38]([F:40])([F:41])[C:35]=1[CH:36]=[N:37][C:32](=[CH:33][CH:34]=1)[CH:31]2[N:29]=[C:30]2[C:42]=3[CH:43]=[C:44]([CH:46]=[CH:47][CH:48]=3)[Br:45].[CH3:1][CH2:2][N:3]([CH2:4][CH3:5])[CH2:6][CH3:7].[CH3:8][CH2:9][N:10]([CH2:11][CH3:12])[CH2:13][CH3:14].[O:15]=[C:16]([C:17]([F:18])([F:19])[F:20])[O:21][C:22]([C:23]([F:24])([F:25])[F:26])=[O:27].[OH2:28],[],[CH2:2]([CH3:1])[N:3]([CH2:4][CH3:5])[CH2:6][CH3:7].[CH2:9]([CH3:8])[N:10]([CH2:11][CH3:12])[CH2:13][CH3:14].[F:18][C:17]([F:19])([F:20])[C:16](=[O:15])[O:21][C:22]([C:23]([F:24])([F:25])[F:26])=[O:27].[F:39][C:38]([F:40])([F:41])[C:35]=1[CH:36]=[N:37][C:32](=[CH:33][CH:34]=1)[CH2:31][C:30]([C:42]=2[CH:43]=[C:44]([CH:46]=[CH:47][CH:48]=2)[Br:45])=[N:29][OH:28]>>[F:39][C:38]([F:40])([F:41])[C:35]=1[CH:36]=[N:37][C:32](=[CH:33][CH:34]=1)[CH:31]2[N:29]=[C:30]2[C:42]=3[CH:43]=[C:44]([CH:46]=[CH:47][CH:48]=3)[Br:45]
89,['golden_dataset_228'],['golden_dataset'],,['[CH3:24][N:23]([CH3:25])[C:6]([C:7]1=[CH:8][CH:9]=[CH:10][C:11](=[C:15]1[CH:16]=[CH:17][C:18]2=[CH:19][CH:20]=[CH:21][O:22]2)[N+:12]([O-:13])=[O:14])=[O:5].[C-:2]#[O+:1].[C-:4]#[O+:3]>>[CH3:24][N:23]([CH3:25])[C:6]([C:7]=1[CH:8]=[CH:9][CH:10]=[C:11]2[NH:12][C:17]([C:18]=3[O:22][CH:21]=[CH:20][CH:19]=3)=[CH:16][C:15]=12)=[O:5].[O+:1]#[C-:2].[O+:3]#[C-:4].[OH-:13].[OH2:14]'],[CH3:24][N:23]([CH3:25])[C:6]([C:7]1=[CH:8][CH:9]=[CH:10][C:11](=[C:15]1[CH:16]=[CH:17][C:18]2=[CH:19][CH:20]=[CH:21][O:22]2)[N+:12]([O-:13])=[O:14])=[O:5].[C-:2]#[O+:1].[C-:4]#[O+:3]>>[CH3:24][N:23]([CH3:25])[C:6]([C:7]=1[CH:8]=[CH:9][CH:10]=[C:11]2[NH:12][C:17]([C:18]=3[O:22][CH:21]=[CH:20][CH:19]=3)=[CH:16][C:15]=12)=[O:5]
90,['golden_dataset_229'],['golden_dataset'],,['[CH2:25]1[CH2:26][CH2:27][CH2:28][N:24]1[C:23]([C:22]2=[CH:21][CH:20]=[CH:19][C:15](=[C:14]2[CH:13]=[CH:12][C:9]3=[CH:8][CH:7]=[C:6]([F:5])[CH:11]=[CH:10]3)[N+:16](=[O:18])[O-:17])=[O:29].[C-:1]#[O+:2].[C-:3]#[O+:4]>>[CH2:25]1[CH2:26][CH2:27][CH2:28][N:24]1[C:23](=[O:29])[C:22]=2[C:14]3=[C:15]([NH:16][C:12]([C:9]=4[CH:10]=[CH:11][C:6](=[CH:7][CH:8]=4)[F:5])=[CH:13]3)[CH:19]=[CH:20][CH:21]=2.[C-:1]#[O+:2].[C-:3]#[O+:4].[OH-:17].[OH2:18]'],[CH2:25]1[CH2:26][CH2:27][CH2:28][N:24]1[C:23]([C:22]2=[CH:21][CH:20]=[CH:19][C:15](=[C:14]2[CH:13]=[CH:12][C:9]3=[CH:8][CH:7]=[C:6]([F:5])[CH:11]=[CH:10]3)[N+:16](=[O:18])[O-:17])=[O:29].[C-:1]#[O+:2].[C-:3]#[O+:4]>>[CH2:25]1[CH2:26][CH2:27][CH2:28][N:24]1[C:23](=[O:29])[C:22]=2[C:14]3=[C:15]([NH:16][C:12]([C:9]=4[CH:10]=[CH:11][C:6](=[CH:7][CH:8]=4)[F:5])=[CH:13]3)[CH:19]=[CH:20][CH:21]=2
91,['golden_dataset_230'],['golden_dataset'],[CH2:18]1[CH2:17][CH:16]([CH2:21][CH2:20][CH2:19]1)[N-:22][CH:23]2[CH2:24][CH2:25][CH2:26][CH2:27][CH2:28]2.[CH:14]=1[C:9]([F:8])=[CH:10][CH:11]=[C:12]([Br:15])[CH:13]=1.[CH3:5][CH:4]([CH3:6])[C:3]([O:2][CH3:1])=[O:7]>>[CH3:5][C:4]([CH3:6])([C:12]=1[CH:11]=[CH:10][C:9](=[CH:14][CH:13]=1)[F:8])[C:3](=[O:7])[O:2][CH3:1].[BrH:15].[CH:16]1([N-:22][CH:23]2[CH2:24][CH2:25][CH2:26][CH2:27][CH2:28]2)[CH2:17][CH2:18][CH2:19][CH2:20][CH2:21]1,[],[CH2:18]1[CH2:17][CH:16]([CH2:21][CH2:20][CH2:19]1)[N-:22][CH:23]2[CH2:24][CH2:25][CH2:26][CH2:27][CH2:28]2.[CH:14]=1[C:9]([F:8])=[CH:10][CH:11]=[C:12]([Br:15])[CH:13]=1.[CH3:5][CH:4]([CH3:6])[C:3]([O:2][CH3:1])=[O:7]>>[CH3:5][C:4]([CH3:6])([C:12]=1[CH:11]=[CH:10][C:9](=[CH:14][CH:13]=1)[F:8])[C:3](=[O:7])[O:2][CH3:1]
92,['golden_dataset_231'],['golden_dataset'],,['[CH2:29]1[CH2:28][N:27]([CH2:32][CH2:31][O:30]1)[C:6]([C:7]2=[CH:8][CH:9]=[CH:10][C:11]([N+:12]([O-:13])=[O:14])=[C:15]2[CH:16]=[CH:17][C:18]3=[CH:23][CH:22]=[C:21]4[O:24][CH2:25][O:26][C:20]4=[CH:19]3)=[O:5].[C-:1]#[O+:2].[C-:3]#[O+:4]>>[CH2:28]1[CH2:29][O:30][CH2:31][CH2:32][N:27]1[C:6](=[O:5])[C:7]=2[CH:8]=[CH:9][CH:10]=[C:11]3[NH:12][C:17](=[CH:16][C:15]=23)[C:18]=4[CH:19]=[C:20]5[O:26][CH2:25][O:24][C:21]5=[CH:22][CH:23]=4.[C-:1]#[O+:2].[C-:3]#[O+:4].[OH-:13].[OH2:14]'],[CH2:29]1[CH2:28][N:27]([CH2:32][CH2:31][O:30]1)[C:6]([C:7]2=[CH:8][CH:9]=[CH:10][C:11]([N+:12]([O-:13])=[O:14])=[C:15]2[CH:16]=[CH:17][C:18]3=[CH:23][CH:22]=[C:21]4[O:24][CH2:25][O:26][C:20]4=[CH:19]3)=[O:5].[C-:1]#[O+:2].[C-:3]#[O+:4]>>[CH2:28]1[CH2:29][O:30][CH2:31][CH2:32][N:27]1[C:6](=[O:5])[C:7]=2[CH:8]=[CH:9][CH:10]=[C:11]3[NH:12][C:17](=[CH:16][C:15]=23)[C:18]=4[CH:19]=[C:20]5[O:26][CH2:25][O:24][C:21]5=[CH:22][CH:23]=4
93,['golden_dataset_237'],['golden_dataset'],,['[CH2:10]1[CH2:9][N:8]([CH2:34][CH2:33][N:11]1[C:12](=[O:32])[C:13]=2[C:21](=[C:17]([CH:16]=[CH:15][CH:14]=2)[N+:18](=[O:20])[O-:19])[CH:22]=[CH:23][C:24]=3[CH:25]=[C:26]([Cl:27])[CH:28]=[C:29]([CH:31]=3)[F:30])[S:6](=[O:35])(=[O:7])[CH3:5].[C-:1]#[O+:2].[C-:3]#[O+:4]>>[CH2:9]1[CH2:10][N:11]([CH2:33][CH2:34][N:8]1[S:6](=[O:35])(=[O:7])[CH3:5])[C:12]([C:13]2=[C:21]3[C:17]([NH:18][C:23]([C:24]=4[CH:25]=[C:26]([CH:28]=[C:29]([CH:31]=4)[F:30])[Cl:27])=[CH:22]3)=[CH:16][CH:15]=[CH:14]2)=[O:32].[C-:1]#[O+:2].[C-:3]#[O+:4].[OH-:19].[OH2:20]'],[CH2:10]1[CH2:9][N:8]([CH2:34][CH2:33][N:11]1[C:12](=[O:32])[C:13]=2[C:21](=[C:17]([CH:16]=[CH:15][CH:14]=2)[N+:18](=[O:20])[O-:19])[CH:22]=[CH:23][C:24]=3[CH:25]=[C:26]([Cl:27])[CH:28]=[C:29]([CH:31]=3)[F:30])[S:6](=[O:35])(=[O:7])[CH3:5].[C-:1]#[O+:2].[C-:3]#[O+:4]>>[CH2:9]1[CH2:10][N:11]([CH2:33][CH2:34][N:8]1[S:6](=[O:35])(=[O:7])[CH3:5])[C:12]([C:13]2=[C:21]3[C:17]([NH:18][C:23]([C:24]=4[CH:25]=[C:26]([CH:28]=[C:29]([CH:31]=4)[F:30])[Cl:27])=[CH:22]3)=[CH:16][CH:15]=[CH:14]2)=[O:32]
94,['golden_dataset_239'],['golden_dataset'],,['[CH3:5][C:6]([CH3:39])([CH3:7])[O:8][C:9]([N:10]1[CH2:11][CH2:12][N:13]([CH2:36][CH2:37]1)[C:14]([C:15]2=[CH:16][CH:17]=[CH:18][C:19]([N+:20]([O-:21])=[O:22])=[C:23]2[CH:24]=[CH:25][C:26]3=[CH:31][CH:30]=[C:29]4[O:32][CH2:33][O:34][C:28]4=[CH:27]3)=[O:35])=[O:38].[C-:1]#[O+:2].[C-:3]#[O+:4]>>[CH3:5][C:6]([CH3:39])([CH3:7])[O:8][C:9]([N:10]1[CH2:11][CH2:12][N:13]([CH2:36][CH2:37]1)[C:14]([C:15]=2[CH:16]=[CH:17][CH:18]=[C:19]3[C:23]=2[CH:24]=[C:25]([NH:20]3)[C:26]=4[CH:27]=[C:28]5[O:34][CH2:33][O:32][C:29]5=[CH:30][CH:31]=4)=[O:35])=[O:38].[C-:1]#[O+:2].[C-:3]#[O+:4].[OH-:21].[OH2:22]'],[CH3:5][C:6]([CH3:39])([CH3:7])[O:8][C:9]([N:10]1[CH2:11][CH2:12][N:13]([CH2:36][CH2:37]1)[C:14]([C:15]2=[CH:16][CH:17]=[CH:18][C:19]([N+:20]([O-:21])=[O:22])=[C:23]2[CH:24]=[CH:25][C:26]3=[CH:31][CH:30]=[C:29]4[O:32][CH2:33][O:34][C:28]4=[CH:27]3)=[O:35])=[O:38].[C-:1]#[O+:2].[C-:3]#[O+:4]>>[CH3:5][C:6]([CH3:39])([CH3:7])[O:8][C:9]([N:10]1[CH2:11][CH2:12][N:13]([CH2:36][CH2:37]1)[C:14]([C:15]=2[CH:16]=[CH:17][CH:18]=[C:19]3[C:23]=2[CH:24]=[C:25]([NH:20]3)[C:26]=4[CH:27]=[C:28]5[O:34][CH2:33][O:32][C:29]5=[CH:30][CH:31]=4)=[O:35])=[O:38]
95,['golden_dataset_243'],['golden_dataset'],[CH3:5][CH2:6][O:7][C:8](=[O:15])[CH2:9][C:10](=[O:14])[O:11][CH2:12][CH3:13].[NH2:1][C:2]([NH2:3])=[O:4]>>[NH:1]1[C:10](=[O:14])[CH2:9][C:8]([NH:3][C:2]1=[O:4])=[O:15].[CH3:5][CH2:6][OH:7].[OH:11][CH2:12][CH3:13],[],[CH3:5][CH2:6][O:7][C:8](=[O:15])[CH2:9][C:10](=[O:14])[O:11][CH2:12][CH3:13].[NH2:1][C:2]([NH2:3])=[O:4]>>[NH:1]1[C:10](=[O:14])[CH2:9][C:8]([NH:3][C:2]1=[O:4])=[O:15]
96,['golden_dataset_244'],['golden_dataset'],,['[CH2:7]([CH2:6][CH3:5])[C:8]#[C:9][CH2:10][CH2:11][CH3:12].[CH:19]1=[C:20]([I:21])[C:15]([NH:14][CH3:13])=[CH:16][CH:17]=[CH:18]1.[O-:1][C:2]([O-:3])=[O:4]>>[CH:17]1=[CH:18][CH:19]=[C:20]2[C:8]([CH2:7][CH2:6][CH3:5])=[C:9]([N:14]([CH3:13])[C:15]2=[CH:16]1)[CH2:10][CH2:11][CH3:12]'],[CH2:7]([CH2:6][CH3:5])[C:8]#[C:9][CH2:10][CH2:11][CH3:12].[CH:19]1=[C:20]([I:21])[C:15]([NH:14][CH3:13])=[CH:16][CH:17]=[CH:18]1.[O-:1][C:2]([O-:3])=[O:4]>>[CH:17]1=[CH:18][CH:19]=[C:20]2[C:8]([CH2:7][CH2:6][CH3:5])=[C:9]([N:14]([CH3:13])[C:15]2=[CH:16]1)[CH2:10][CH2:11][CH3:12]
97,['golden_dataset_245'],['golden_dataset'],[C:16]=1([C:15]([NH2:14])=[CH:20][CH:19]=[CH:18][CH:17]=1)[I:21].[CH3:10][C:9]([CH3:12])([OH:11])[C:8]#[C:7][C:6](=[CH2:13])[CH3:5].[O-:1][C:2]([O-:3])=[O:4]>>[CH3:10][C:9]([CH3:12])([C:8]=1[NH:14][C:15]2=[C:16]([CH:17]=[CH:18][CH:19]=[CH:20]2)[C:7]=1[C:6]([CH3:5])=[CH2:13])[OH:11].[IH:21].[O-:1][C:2]([O-:3])=[O:4],[],[C:16]=1([C:15]([NH2:14])=[CH:20][CH:19]=[CH:18][CH:17]=1)[I:21].[CH3:10][C:9]([CH3:12])([OH:11])[C:8]#[C:7][C:6](=[CH2:13])[CH3:5].[O-:1][C:2]([O-:3])=[O:4]>>[CH3:10][C:9]([CH3:12])([C:8]=1[NH:14][C:15]2=[C:16]([CH:17]=[CH:18][CH:19]=[CH:20]2)[C:7]=1[C:6]([CH3:5])=[CH2:13])[OH:11]
98,['golden_dataset_246'],['golden_dataset'],[CH:31]1=[CH:30][CH:29]=[CH:28][C:27]([CH2:26][NH:25][CH2:24][CH:7]([CH2:6][OH:5])[C:8]=2[C:13]([Br:14])=[CH:12][C:11]([O:15][CH2:16][C:17]3=[CH:18][CH:19]=[CH:20][CH:21]=[CH:22]3)=[CH:10][C:9]=2[Br:23])=[CH:32]1.[CH3:1][C:2]([O-:4])=[O:3]>>[CH:31]1=[CH:30][CH:29]=[CH:28][C:27]([CH2:26][N:25]2[CH2:24][CH:7]([C:8]3=[C:13]2[CH:12]=[C:11]([O:15][CH2:16][C:17]4=[CH:22][CH:21]=[CH:20][CH:19]=[CH:18]4)[CH:10]=[C:9]3[Br:23])[CH2:6][OH:5])=[CH:32]1.[BrH:23].[CH3:1][C:2](=[O:3])[O-:4],[],[CH:31]1=[CH:30][CH:29]=[CH:28][C:27]([CH2:26][NH:25][CH2:24][CH:7]([CH2:6][OH:5])[C:8]=2[C:13]([Br:14])=[CH:12][C:11]([O:15][CH2:16][C:17]3=[CH:18][CH:19]=[CH:20][CH:21]=[CH:22]3)=[CH:10][C:9]=2[Br:23])=[CH:32]1.[CH3:1][C:2]([O-:4])=[O:3]>>[CH:31]1=[CH:30][CH:29]=[CH:28][C:27]([CH2:26][N:25]2[CH2:24][CH:7]([C:8]3=[C:13]2[CH:12]=[C:11]([O:15][CH2:16][C:17]4=[CH:22][CH:21]=[CH:20][CH:19]=[CH:18]4)[CH:10]=[C:9]3[Br:23])[CH2:6][OH:5])=[CH:32]1
